,SurveyID,Age,Type,Employed,FullPart,OwnCell,UsedCell,@3OwnHousePhone,@4UseFreq,BQ4a,BQ4aCont,@5UseLength,BQ5a,BQ5aCont,@6aTexting,@6bEmail,@6cInternet,@6dBank,@6eBills,@6fFacebook,@6gPics,@6hGames,@6iBuy,@7PurchOnline,BQ7a,BQ7aCont,@8CellExper,BQ8a,BQ8b,Comfort,BQ9a,Satisfaction,BQ10a,PA1,PA2,PA3,PA4,PA5,PA6,PA7,PBI1,PBI2,PBI3,PBI4,PBIUse,PBIBuy,PGL1,PGL2,PGL3,Comments,VAR00001,Gender,PAnxiety,PBIntent,PAffect,PGL_sum,Income,Education
0,S4,63.5,1,2.0,,1.0,1.0,1.0,7.0,6.0,56.0,3.0,2.0,0.75,1.0,1.0,1.0,,,1.0,,,,1.0,0.0,0.0,5.0,4.0,3.0,4.0,-1.0,4.0,0.0,5,3,2,3,1,4,3,5,2,4,1,6.3,2.1,6,4,6,,3,1,3.3333333333333335,3.0,2.75,16,1.0,4
1,S5,63.5,1,2.0,,10.0,10.0,1.0,5.0,4.0,12.0,3.0,2.0,0.75,1.0,,,,,,,,,1.0,0.0,0.0,3.0,2.0,1.0,5.0,0.0,3.0,-1.0,4,3,4,2,2,3,2,3,2,4,2,4.9,2.8,4,3,4,,3,0,3.6666666666666665,2.75,2.25,11,2.0,4
2,S8,63.5,1,2.0,,25.0,25.0,1.0,7.0,6.0,56.0,3.0,2.0,0.75,1.0,1.0,,,,,1.0,,,1.0,0.0,0.0,6.0,5.0,4.0,5.0,0.0,5.0,1.0,2,2,2,3,3,3,3,3,3,3,1,4.2,2.8,5,5,5,,2,1,2.0,2.5,3.0,15,2.0,3
3,S12,63.5,1,2.0,,12.0,12.0,1.0,7.0,6.0,56.0,3.0,2.0,0.75,1.0,,,,,,1.0,,,1.0,0.0,0.0,4.0,3.0,2.0,5.0,0.0,5.0,1.0,4,1,1,1,1,3,0,4,1,4,1,5.6,1.4,5,5,5,,2,1,2.0,2.5,1.25,15,3.0,3
4,S13,63.5,1,2.0,,10.0,10.0,1.0,5.0,4.0,12.0,3.0,2.0,0.75,,,,,,,1.0,,,1.0,0.0,0.0,5.0,4.0,3.0,5.0,0.0,3.0,-1.0,0,0,0,0,0,0,0,0,0,0,0,0.0,0.0,4,4,4,,3,1,0.0,0.0,0.0,12,1.0,4
5,S14,63.5,1,1.0,1.0,10.0,10.0,1.0,7.0,6.0,56.0,3.0,2.0,0.75,1.0,,,,,,1.0,,,1.0,0.0,0.0,5.0,4.0,3.0,6.0,1.0,6.0,2.0,1,1,0,4,4,4,5,5,3,4,2,6.3,3.5,9,8,8,,3,1,0.6666666666666666,3.5,4.25,25,5.0,4
6,S15,63.5,1,1.0,2.0,1.0,1.0,1.0,7.0,6.0,56.0,3.0,2.0,0.75,1.0,1.0,,,,1.0,1.0,,,1.0,0.0,0.0,5.0,4.0,3.0,5.0,0.0,5.0,1.0,4,2,1,3,3,3,1,4,3,3,3,4.9,4.2,7,7,7,,2,1,2.3333333333333335,3.25,2.5,21,3.0,3
7,S16,63.5,1,2.0,,10.0,10.0,1.0,7.0,6.0,56.0,3.0,2.0,0.75,1.0,,,,,,1.0,,,1.0,0.0,0.0,5.0,4.0,3.0,4.0,-1.0,5.0,1.0,3,2,2,2,2,3,3,4,3,3,2,4.9,3.5,4,4,4,,3,1,2.3333333333333335,3.0,2.5,12,1.0,4
8,S35,63.5,1,1.0,1.0,10.25,10.25,1.0,7.0,6.0,56.0,5.0,4.0,1.75,1.0,1.0,1.0,,,1.0,1.0,,,1.0,0.0,0.0,6.0,5.0,4.0,8.0,3.0,6.0,2.0,1,1,1,4,4,3,4,4,4,4,4,5.6,5.6,8,8,7,,4,0,1.0,4.0,3.75,23,5.0,5
9,S37,63.5,1,1.0,1.0,8.0,8.0,1.0,5.0,4.0,12.0,7.0,6.0,3.5,1.0,,,,,,,1.0,,1.0,0.0,0.0,6.0,5.0,4.0,5.0,0.0,3.0,-1.0,4,4,4,2,2,4,2,4,2,4,1,5.6,2.1,5,5,4,,4,0,4.0,2.75,2.5,14,5.0,5
10,S43,63.5,1,2.0,,1.0,1.0,,,,,,,,,,,,,,,,,,,,,,,2.0,-3.0,5.0,1.0,0,0,0,0,0,0,0,0,0,0,0,0.0,0.0,0,0,0,,3,1,0.0,0.0,0.0,0,2.0,4
11,S44,63.5,1,2.0,,10.0,10.0,1.0,7.0,6.0,56.0,3.0,2.0,0.75,1.0,,,,,,,1.0,,2.0,1.0,3.0,,,,6.0,1.0,,,2,1,0,0,4,3,3,4,3,4,2,5.6,3.5,7,7,7,,3,0,1.0,3.25,2.5,21,5.0,4
12,S46,63.5,1,2.0,,1.0,1.0,,3.0,2.0,1.0,,,,1.0,,,,,,,,,,,,4.0,3.0,2.0,5.0,0.0,1.0,,1,1,1,1,1,1,1,1,1,1,1,1.4,1.4,0,0,0,,2,1,1.0,1.0,1.0,0,2.0,3
13,S49,63.5,1,1.0,1.0,15.0,15.0,1.0,7.0,6.0,56.0,7.0,6.0,3.5,1.0,,,,,,1.0,,,1.0,0.0,0.0,5.0,4.0,3.0,8.0,3.0,6.0,2.0,1,1,1,1,5,5,5,5,4,5,1,7.0,3.5,10,10,8,,3,1,1.0,3.75,4.0,28,4.0,4
14,S38,55.0,1,1.0,1.0,20.0,20.0,1.0,7.0,6.0,56.0,3.0,2.0,0.75,,1.0,,,,,,,,1.0,0.0,0.0,3.0,2.0,1.0,5.0,0.0,2.0,-2.0,1,2,2,1,1,1,1,4,1,5,1,6.3,1.4,5,1,5,,3,0,1.6666666666666667,2.75,1.0,11,3.0,4
15,W051,55.0,1,2.0,,10.0,10.0,1.0,7.0,6.0,56.0,6.0,5.0,2.5,1.0,1.0,1.0,,,,1.0,1.0,,5.0,4.0,18.0,6.0,5.0,4.0,7.0,2.0,4.0,0.0,5,2,1,4,4,4,3,7,4,7,5,7.0,4.5,7,7,7,,4,1,2.6666666666666665,5.75,3.75,21,1.0,4
16,W063,55.0,1,2.0,,7.0,7.0,1.0,7.0,6.0,56.0,3.0,2.0,0.75,1.0,,,,,,1.0,,,1.0,0.0,0.0,3.0,2.0,1.0,5.0,0.0,4.0,0.0,4,3,2,3,3,3,4,4,3,3,3,3.5,3.0,5,5,5,,4,1,3.0,3.25,3.25,15,2.0,4
17,W075,55.0,3,2.0,,12.0,12.0,1.0,6.0,5.0,28.0,2.0,1.0,0.25,1.0,1.0,,,,,1.0,1.0,,1.0,0.0,0.0,4.0,3.0,2.0,6.0,1.0,3.0,-1.0,3,2,3,7,4,4,3,7,7,7,7,7.0,7.0,4,5,4,,1,1,2.6666666666666665,7.0,4.5,13,1.0,2
18,W102,55.0,1,2.0,,20.0,20.0,1.0,6.0,5.0,28.0,2.0,1.0,0.25,1.0,,,1.0,,1.0,1.0,,,2.0,1.0,3.0,4.0,3.0,2.0,7.0,2.0,4.0,0.0,3,2,2,5,5,3,7,7,2,7,4,7.0,3.0,6,4,6,,5,0,2.3333333333333335,5.0,5.0,16,3.0,5
19,W123,55.0,1,2.0,,10.0,10.0,1.0,7.0,6.0,56.0,3.0,2.0,0.75,1.0,,,,,,1.0,1.0,,1.0,0.0,0.0,3.0,2.0,1.0,4.0,-1.0,3.0,-1.0,1,1,1,3,1,1,1,7,1,7,1,7.0,1.0,2,2,2,,3,1,1.0,4.0,1.5,6,1.0,4
20,W124,55.0,4,1.0,1.0,10.0,8.0,1.0,7.0,6.0,56.0,7.0,6.0,3.5,1.0,,,,,,,,,1.0,0.0,0.0,6.0,5.0,4.0,8.0,3.0,6.0,2.0,1,1,1,7,3,3,7,7,2,7,2,7.0,2.0,9,9,9,,4,1,1.0,4.5,5.0,27,1.0,4
21,W129,55.0,1,1.0,2.0,8.0,8.0,1.0,7.0,6.0,56.0,2.0,1.0,0.25,1.0,,1.0,,,,,,,1.0,0.0,0.0,5.0,4.0,3.0,7.0,2.0,5.0,1.0,6,6,6,6,6,4,6,6,4,6,5,6.0,4.5,7,7,7,,2,1,6.0,5.25,5.5,21,5.0,3
22,W140,55.0,1,2.0,,10.0,10.0,1.0,6.0,5.0,28.0,4.0,3.0,1.25,1.0,1.0,1.0,,,,1.0,,1.0,1.0,0.0,0.0,5.0,4.0,3.0,6.0,1.0,6.0,2.0,1,1,1,7,7,7,7,7,7,7,6,7.0,6.5,6,6,6,,3,1,1.0,6.75,7.0,18,2.0,4
23,W143,55.0,1,1.0,2.0,10.0,8.0,1.0,7.0,6.0,56.0,2.0,1.0,0.25,1.0,,,,,,1.0,,,1.0,0.0,0.0,4.0,3.0,2.0,3.0,-2.0,3.0,-1.0,2,2,2,2,2,2,2,2,2,2,2,2.0,2.0,2,2,2,,2,1,2.0,2.0,2.0,6,5.0,3
24,W177,55.0,1,2.0,,15.0,15.0,1.0,7.0,6.0,56.0,5.0,4.0,1.75,1.0,1.0,1.0,1.0,1.0,1.0,1.0,1.0,1.0,2.0,1.0,3.0,5.0,4.0,3.0,8.0,3.0,6.0,2.0,1,1,1,7,7,7,7,7,7,7,7,7.0,7.0,10,10,10,,4,1,1.0,7.0,7.0,30,1.0,4
25,W217,55.0,1,1.0,1.0,10.0,10.0,1.0,7.0,6.0,56.0,3.0,2.0,0.75,1.0,1.0,,,,,1.0,,,1.0,0.0,0.0,4.0,3.0,2.0,7.0,2.0,5.0,1.0,5,5,6,6,6,6,5,7,4,6,5,6.5,4.5,8,8,9,,1,0,5.333333333333333,5.5,5.75,25,3.0,2
26,W237,55.0,3,1.0,2.0,20.0,20.0,1.0,7.0,6.0,56.0,7.0,6.0,3.5,,,,,,,1.0,1.0,,1.0,0.0,0.0,5.0,4.0,3.0,3.0,-2.0,4.0,0.0,4,3,1,3,3,5,7,1,3,3,1,2.0,2.0,10,10,8,,4,1,2.6666666666666665,2.0,4.5,28,1.0,1
27,W266,55.0,1,2.0,,10.0,10.0,1.0,2.0,1.0,0.5,2.0,1.0,0.25,,1.0,,,,,,,,2.0,1.0,3.0,6.0,5.0,4.0,2.0,-3.0,2.0,-2.0,1,1,1,1,1,1,1,1,1,1,1,1.0,1.0,1,1,1,,2,1,1.0,1.0,1.0,3,2.0,3
28,W310,55.0,4,2.0,,8.0,8.0,1.0,6.0,5.0,28.0,2.0,1.0,0.25,1.0,,,,,,1.0,,,1.0,0.0,0.0,3.0,2.0,1.0,4.0,-1.0,4.0,0.0,4,4,3,3,3,2,1,4,1,2,1,3.0,1.0,2,2,3,,2,1,3.6666666666666665,2.0,2.25,7,5.0,3
29,S20,56.0,1,1.0,2.0,6.0,6.0,1.0,7.0,6.0,56.0,3.0,2.0,0.75,,,,,1.0,,,,,1.0,0.0,0.0,5.0,4.0,3.0,5.0,0.0,2.0,-2.0,3,3,3,2,4,4,4,4,3,5,5,6.3,5.6,1,3,6,,2,0,3.0,4.25,3.5,10,5.0,3
30,S24,56.0,1,2.0,1.0,1.0,1.0,,7.0,6.0,56.0,5.0,4.0,1.75,1.0,,,,,,,1.0,,1.0,0.0,0.0,3.0,2.0,1.0,5.3,,,,2,1,2,3,4,3,5,5,3,0,5,3.5,5.6,0,0,0,,3,1,1.6666666666666667,3.25,3.75,0,5.0,4
31,W006,56.0,1,1.0,1.0,20.0,20.0,1.0,7.0,6.0,56.0,7.0,6.0,3.5,1.0,,,,,1.0,1.0,,,1.0,0.0,0.0,6.0,5.0,4.0,6.0,1.0,5.0,1.0,1,1,1,6,5,4,3,7,1,6,1,6.5,1.0,8,8,8,,1,1,1.0,3.75,4.5,24,3.0,2
32,W013,56.0,1,2.0,,8.0,8.0,1.0,7.0,6.0,56.0,2.0,1.0,0.25,1.0,,,,,,1.0,,,1.0,0.0,0.0,4.0,3.0,2.0,5.0,0.0,4.0,0.0,1,1,1,5,4,3,1,5,1,5,2,5.0,1.5,6,5,6,,4,1,1.0,3.25,3.25,17,2.0,4
33,W146,56.0,1,1.0,1.0,10.0,10.0,1.0,7.0,6.0,56.0,3.0,2.0,0.75,1.0,1.0,1.0,,,,1.0,,,2.0,1.0,3.0,4.0,3.0,2.0,5.0,0.0,4.0,0.0,2,2,7,4,4,3,7,7,7,7,5,7.0,6.0,10,10,5,,2,1,3.6666666666666665,6.5,4.5,25,1.0,3
34,W169,56.0,1,2.0,,25.0,25.0,1.0,7.0,6.0,56.0,2.0,1.0,0.25,1.0,1.0,1.0,,,,1.0,,,1.0,0.0,0.0,4.0,3.0,2.0,6.0,1.0,4.0,0.0,1,1,1,4,4,4,4,1,1,7,1,4.0,1.0,10,10,10,,3,1,1.0,2.5,4.0,30,5.0,4
35,W220,56.0,1,2.0,,12.0,12.0,1.0,5.0,4.0,12.0,2.0,1.0,0.25,1.0,,1.0,,,,1.0,,,1.0,0.0,0.0,5.0,4.0,3.0,5.0,0.0,3.0,-1.0,3,3,2,3,3,3,3,3,1,3,1,3.0,1.0,3,3,3,,2,1,2.6666666666666665,2.0,3.0,9,1.0,3
36,W227,56.0,1,2.0,,11.0,11.0,1.0,7.0,6.0,56.0,7.0,6.0,3.5,1.0,1.0,1.0,,,,1.0,,,1.0,0.0,0.0,5.0,4.0,3.0,6.0,1.0,5.0,1.0,1,1,1,6,5,2,6,7,7,7,7,7.0,7.0,6,5,6,,3,1,1.0,7.0,4.75,17,1.0,4
37,W231,56.0,1,2.0,,10.0,10.0,1.0,7.0,6.0,56.0,7.0,6.0,3.5,1.0,1.0,1.0,1.0,1.0,1.0,1.0,,,1.0,0.0,0.0,6.0,5.0,4.0,4.0,-1.0,4.0,0.0,6,5,1,5,3,5,7,7,3,7,3,7.0,3.0,10,8,10,,4,0,4.0,5.0,5.0,28,1.0,4
38,W255,56.0,1,1.0,1.0,10.0,10.0,1.0,7.0,6.0,56.0,2.0,1.0,0.25,1.0,1.0,1.0,,,1.0,1.0,1.0,1.0,1.0,0.0,0.0,6.0,5.0,4.0,8.0,3.0,4.0,0.0,1,1,1,7,4,5,1,7,7,7,7,7.0,7.0,10,7,10,,2,1,1.0,7.0,4.25,27,1.0,3
39,W277,56.0,1,2.0,,15.0,15.0,1.0,7.0,6.0,56.0,2.0,1.0,0.25,,,,,,,,,,1.0,0.0,0.0,5.0,4.0,3.0,2.0,-3.0,2.0,-2.0,1,1,1,1,1,1,2,1,1,1,1,1.0,1.0,2,2,2,並不是符合實際濟情況的問卷,4,1,1.0,1.0,1.25,6,2.0,4
40,S26,57.0,1,2.0,,13.0,13.0,1.0,7.0,6.0,56.0,1.0,0.0,0.0,1.0,,,,,,,,,1.0,0.0,0.0,5.0,4.0,3.0,4.0,-1.0,4.0,0.0,3,3,4,2,3,1,4,5,3,5,1,7.0,2.8,2,2,7,,4,0,3.3333333333333335,3.5,2.5,11,2.0,5
41,W078,57.0,1,2.0,,10.0,10.0,1.0,7.0,6.0,56.0,3.0,2.0,0.75,1.0,1.0,1.0,,,,1.0,,,1.0,0.0,0.0,5.0,4.0,3.0,2.0,-3.0,4.0,0.0,2,2,1,2,3,4,1,7,5,2,2,4.5,3.5,8,3,5,,4,1,1.6666666666666667,4.0,2.5,16,3.0,4
42,W085,57.0,1,2.0,,16.0,16.0,1.0,6.0,5.0,28.0,5.0,4.0,1.75,1.0,1.0,1.0,,,1.0,1.0,1.0,1.0,3.0,2.0,8.0,5.0,4.0,3.0,5.0,0.0,4.0,0.0,2,2,2,4,4,3,5,5,5,5,5,5.0,5.0,5,5,5,,3,1,2.0,5.0,4.0,15,2.0,4
43,W088,57.0,3,1.0,1.0,3.0,3.0,1.0,5.0,4.0,12.0,5.0,4.0,1.75,1.0,,1.0,,,,1.0,1.0,,1.0,0.0,0.0,5.0,4.0,3.0,5.0,0.0,4.0,0.0,3,3,6,6,6,5,4,6,6,7,6,6.5,6.0,9,9,9,,5,1,4.0,6.25,5.25,27,4.0,5
44,W118,57.0,1,2.0,,5.0,5.0,1.0,7.0,6.0,56.0,5.0,4.0,1.75,1.0,,1.0,,,1.0,1.0,,,1.0,0.0,0.0,5.0,4.0,3.0,5.0,0.0,4.0,0.0,4,2,1,7,7,7,7,7,1,6,1,6.5,1.0,6,6,6,,3,1,2.3333333333333335,3.75,7.0,18,5.0,4
45,W131,57.0,1,2.0,,10.0,5.0,1.0,5.0,4.0,12.0,2.0,1.0,0.25,1.0,,,,,,,,,2.0,1.0,3.0,3.0,2.0,1.0,4.0,-1.0,3.0,-1.0,3,1,2,3,3,1,2,7,7,7,7,7.0,7.0,8,8,8,,4,1,2.0,7.0,2.25,24,5.0,4
46,W152,57.0,3,1.0,2.0,15.0,15.0,1.0,7.0,6.0,56.0,3.0,2.0,0.75,1.0,1.0,1.0,,,,1.0,,1.0,4.0,3.0,13.0,6.0,5.0,4.0,8.0,3.0,6.0,2.0,1,1,1,7,7,7,7,7,7,7,7,7.0,7.0,10,10,10,,5,1,1.0,7.0,7.0,30,5.0,5
47,W243,57.0,2,1.0,2.0,14.0,14.0,1.0,7.0,6.0,56.0,5.0,4.0,1.75,1.0,1.0,1.0,1.0,,,,,,2.0,1.0,3.0,5.0,4.0,3.0,4.0,-1.0,4.0,0.0,2,1,1,3,4,4,3,4,3,4,3,4.0,3.0,5,5,2,,3,0,1.3333333333333333,3.5,3.5,12,5.0,4
48,W269,57.0,2,2.0,,10.0,10.0,1.0,5.0,4.0,12.0,2.0,1.0,0.25,1.0,1.0,1.0,1.0,1.0,,1.0,,1.0,1.0,0.0,0.0,5.0,4.0,3.0,7.0,2.0,3.0,-1.0,4,3,3,3,3,5,4,7,4,7,4,7.0,4.0,10,8,10,,4,1,3.3333333333333335,5.5,3.75,28,1.0,4
49,W270,57.0,1,2.0,,10.0,10.0,1.0,7.0,6.0,56.0,3.0,2.0,0.75,1.0,1.0,1.0,,,1.0,1.0,,,1.0,0.0,0.0,5.0,4.0,3.0,6.0,1.0,4.0,0.0,5,5,2,5,7,6,6,6,6,7,6,6.5,6.0,7,7,7,,3,1,4.0,6.25,6.0,21,1.0,4
50,S19,58.0,1,1.0,2.0,30.0,30.0,1.0,5.0,4.0,12.0,1.0,0.0,0.0,1.0,1.0,,,,,1.0,,,1.0,0.0,0.0,5.0,4.0,3.0,5.0,0.0,5.0,1.0,1,1,2,3,3,3,3,3,3,3,3,4.2,4.2,5,5,5,,3,0,1.3333333333333333,3.0,3.0,15,5.0,4
51,S52,58.0,1,1.0,1.0,20.0,20.0,1.0,7.0,6.0,56.0,7.0,6.0,3.5,1.0,1.0,1.0,1.0,1.0,1.0,1.0,1.0,1.0,6.0,5.0,23.0,6.0,5.0,4.0,8.0,3.0,6.0,2.0,1,1,1,5,5,5,5,5,5,5,5,7.0,7.0,8,8,8,,4,0,1.0,5.0,5.0,24,5.0,5
53,W005,58.0,2,1.0,1.0,20.0,20.0,1.0,7.0,6.0,56.0,5.0,4.0,1.75,1.0,1.0,1.0,1.0,,,1.0,,,1.0,0.0,0.0,6.0,5.0,4.0,8.0,3.0,6.0,2.0,1,1,1,6,6,6,6,6,1,6,1,6.0,1.0,10,10,10,,3,0,1.0,3.5,6.0,30,5.0,4
54,W019,58.0,1,2.0,,3.0,3.0,1.0,2.0,1.0,0.5,2.0,1.0,0.25,1.0,,,,,,,,,2.0,1.0,3.0,2.0,1.0,0.0,4.0,-1.0,4.0,0.0,3,3,3,5,4,4,4,4,1,4,1,4.0,1.0,5,5,5,,2,1,3.0,2.5,4.25,15,1.0,3
55,W033,58.0,1,2.0,,6.0,6.0,1.0,7.0,6.0,56.0,3.0,2.0,0.75,1.0,,,,,,1.0,1.0,,1.0,0.0,0.0,4.0,3.0,2.0,5.0,0.0,5.0,1.0,1,1,1,3,2,3,2,5,4,5,4,5.0,4.0,7,6,7,,3,1,1.0,4.5,2.5,20,2.0,4
56,W038,58.0,1,2.0,,15.0,15.0,1.0,7.0,6.0,56.0,2.0,1.0,0.25,,,,,,,1.0,,,1.0,0.0,0.0,4.0,3.0,2.0,4.0,-1.0,4.0,0.0,3,3,2,5,5,5,6,7,5,7,3,7.0,4.0,7,8,8,,4,1,2.6666666666666665,5.5,5.25,23,2.0,4
57,W048,58.0,1,2.0,,10.0,10.0,2.0,7.0,6.0,56.0,7.0,6.0,3.5,1.0,1.0,1.0,,,,1.0,1.0,,1.0,0.0,0.0,6.0,5.0,4.0,8.0,3.0,5.0,1.0,1,1,1,7,1,4,7,7,7,7,7,7.0,7.0,10,10,10,,3,1,1.0,7.0,4.75,30,3.0,4
58,W057,58.0,4,1.0,1.0,18.0,18.0,1.0,7.0,6.0,56.0,2.0,1.0,0.25,1.0,,,,,,,,,1.0,0.0,0.0,6.0,5.0,4.0,5.0,0.0,4.0,0.0,1,1,1,6,4,4,1,7,1,7,1,7.0,1.0,9,9,9,,1,1,1.0,4.0,3.75,27,2.0,2
59,W099,58.0,3,2.0,,15.0,15.0,1.0,7.0,6.0,56.0,4.0,3.0,1.25,1.0,1.0,1.0,,,1.0,1.0,,,1.0,0.0,0.0,6.0,5.0,4.0,6.0,1.0,4.0,0.0,2,2,1,7,7,7,7,7,7,7,2,7.0,4.5,10,7,10,,4,1,1.6666666666666667,5.75,7.0,27,1.0,4
60,W154,58.0,4,1.0,1.0,8.0,8.0,1.0,7.0,6.0,56.0,2.0,1.0,0.25,,1.0,,,,,,,,1.0,0.0,0.0,5.0,4.0,3.0,4.0,-1.0,3.0,-1.0,3,2,2,6,5,4,5,5,2,5,2,5.0,2.0,4,4,4,,3,1,2.3333333333333335,3.5,5.0,12,3.0,4
61,W176,58.0,1,2.0,,10.0,10.0,1.0,7.0,6.0,56.0,2.0,1.0,0.25,1.0,,1.0,,,,1.0,1.0,,1.0,0.0,0.0,3.0,2.0,1.0,5.0,0.0,2.0,-2.0,3,4,1,3,1,2,4,7,1,4,1,5.5,1.0,6,6,6,,2,1,2.6666666666666665,3.25,2.5,18,3.0,3
62,W216,58.0,1,1.0,1.0,20.0,20.0,1.0,7.0,6.0,56.0,3.0,2.0,0.75,1.0,,1.0,,,1.0,1.0,,,1.0,0.0,0.0,6.0,5.0,4.0,8.0,3.0,4.0,0.0,1,1,1,7,7,5,7,7,7,7,7,7.0,7.0,10,10,10,,4,1,1.0,7.0,6.5,30,5.0,4
64,W226,58.0,1,1.0,2.0,15.0,15.0,1.0,7.0,6.0,56.0,7.0,6.0,3.5,1.0,,1.0,,,,1.0,,,1.0,0.0,0.0,4.0,3.0,2.0,8.0,3.0,4.0,0.0,1,1,1,7,7,5,7,7,5,7,7,7.0,6.0,8,9,9,,2,1,1.0,6.5,6.5,26,2.0,3
65,W238,58.0,3,1.0,1.0,3.0,3.0,1.0,7.0,6.0,56.0,2.0,1.0,0.25,1.0,1.0,1.0,1.0,,1.0,1.0,1.0,1.0,1.0,0.0,0.0,2.0,1.0,0.0,6.0,1.0,6.0,2.0,1,1,1,1,1,1,1,1,1,1,1,1.0,1.0,10,10,10,,3,1,1.0,1.0,1.0,30,4.0,4
66,W245,58.0,4,1.0,1.0,15.0,15.0,1.0,7.0,6.0,56.0,3.0,2.0,0.75,1.0,1.0,1.0,,,,1.0,1.0,,2.0,1.0,3.0,6.0,5.0,4.0,8.0,3.0,4.0,0.0,1,1,1,7,5,7,1,7,4,5,4,6.0,4.0,7,6,4,,3,1,1.0,5.0,5.0,17,4.0,4
67,W256,58.0,1,2.0,,5.0,5.0,1.0,7.0,6.0,56.0,2.0,1.0,0.25,1.0,,,,,,,,,1.0,0.0,0.0,4.0,3.0,2.0,5.0,0.0,3.0,-1.0,3,3,3,3,3,4,2,4,2,3,2,3.5,2.0,6,6,6,,3,1,3.0,2.75,3.0,18,5.0,4
68,W268,58.0,2,1.0,1.0,20.0,20.0,1.0,7.0,6.0,56.0,7.0,6.0,3.5,1.0,1.0,1.0,,,1.0,1.0,,,1.0,0.0,0.0,6.0,5.0,4.0,8.0,3.0,6.0,2.0,1,1,1,7,7,7,7,7,3,7,3,7.0,3.0,10,10,10,,2,0,1.0,5.0,7.0,30,3.0,3
69,W278,58.0,1,2.0,,15.0,15.0,1.0,7.0,6.0,56.0,2.0,1.0,0.25,1.0,,1.0,,,,1.0,,1.0,1.0,0.0,0.0,5.0,4.0,3.0,6.0,1.0,5.0,1.0,2,2,2,5,5,5,4,6,3,6,6,6.0,4.5,7,6,6,,2,1,2.0,5.25,4.75,19,2.0,3
70,W291,58.0,1,1.0,1.0,15.0,15.0,1.0,7.0,6.0,56.0,3.0,2.0,0.75,1.0,1.0,,,,,1.0,,,1.0,0.0,0.0,5.0,4.0,3.0,2.0,-3.0,6.0,2.0,7,7,7,7,6,4,1,6,1,6,1,6.0,1.0,9,9,9,,2,1,7.0,3.5,4.5,27,5.0,3
71,W298,58.0,1,2.0,,15.0,15.0,1.0,7.0,6.0,56.0,2.0,1.0,0.25,1.0,,,,,,1.0,,,1.0,0.0,0.0,5.0,4.0,3.0,6.0,1.0,4.0,0.0,1,1,1,6,6,6,7,7,1,7,1,7.0,1.0,10,6,6,,4,1,1.0,4.0,6.25,22,5.0,1
72,W300,58.0,1,2.0,,8.0,8.0,1.0,7.0,6.0,56.0,2.0,1.0,0.25,1.0,,,,,,1.0,1.0,,6.0,5.0,23.0,4.0,3.0,2.0,7.0,2.0,5.0,1.0,3,1,2,5,5,4,5,6,2,6,3,6.0,2.5,7,6,7,,4,0,2.0,4.25,4.75,20,1.0,4
73,W307,58.0,1,2.0,,11.0,11.0,1.0,7.0,6.0,56.0,2.0,1.0,0.25,1.0,1.0,,,,,,,1.0,2.0,1.0,3.0,5.0,4.0,3.0,4.0,-1.0,3.0,-1.0,2,1,1,2,3,3,2,1,1,2,3,1.5,2.0,2,4,2,,3,1,1.3333333333333333,1.75,2.5,8,5.0,4
74,S18,59.0,1,2.0,,1.0,1.0,,,,,,,,,,,,,,,,,,,,,,,8.0,3.0,5.0,1.0,0,1,1,0,0,3,5,5,2,5,0,7.0,1.4,5,4,6,,3,1,0.6666666666666666,3.0,2.0,15,1.0,4
75,S25,59.0,1,2.0,,15.0,15.0,1.0,7.0,6.0,56.0,3.0,2.0,0.75,,,,,,,,,,1.0,0.0,0.0,4.0,3.0,2.0,5.0,0.0,5.0,1.0,1,1,2,2,3,3,2,4,3,4,1,5.6,2.8,6,5,5,,3,0,1.3333333333333333,3.0,2.5,16,5.0,4
76,W045,59.0,1,2.0,,15.0,15.0,1.0,7.0,6.0,56.0,4.0,3.0,1.25,1.0,,,,,1.0,1.0,,,1.0,0.0,0.0,6.0,5.0,4.0,6.0,1.0,4.0,0.0,3,3,2,5,4,2,1,7,1,6,1,6.5,1.0,8,6,6,,2,1,2.6666666666666665,3.75,3.0,20,1.0,3
77,W058,59.0,2,1.0,2.0,20.0,20.0,1.0,7.0,6.0,56.0,4.0,3.0,1.25,1.0,,,,,,1.0,,,1.0,0.0,0.0,6.0,5.0,4.0,4.0,-1.0,4.0,0.0,1,5,3,4,3,2,2,7,1,7,3,7.0,2.0,10,7,10,,2,1,3.0,4.5,2.75,27,2.0,3
78,W092,59.0,4,2.0,,14.0,14.0,1.0,7.0,6.0,56.0,2.0,1.0,0.25,1.0,,,,,,,,,1.0,0.0,0.0,3.0,2.0,1.0,4.0,-1.0,3.0,-1.0,2,2,2,2,2,2,3,3,1,3,1,3.0,1.0,2,2,2,,3,1,2.0,2.0,2.25,6,1.0,4
79,W151,59.0,4,1.0,2.0,8.0,8.0,1.0,7.0,6.0,56.0,3.0,2.0,0.75,1.0,,,,,,1.0,,,1.0,0.0,0.0,5.0,4.0,3.0,6.0,1.0,4.0,0.0,1,1,1,5,3,3,6,6,4,6,4,6.0,4.0,6,6,6,,3,1,1.0,5.0,4.25,18,1.0,4
80,W234,59.0,3,1.0,2.0,10.0,11.0,1.0,7.0,6.0,56.0,3.0,2.0,0.75,1.0,,,,,,,,,1.0,0.0,0.0,5.0,4.0,3.0,3.0,-2.0,3.0,-1.0,1,1,1,6,7,3,5,7,1,6,1,6.5,1.0,7,8,7,,5,1,1.0,3.75,5.25,22,1.0,5
81,W287,59.0,1,2.0,,10.0,10.0,1.0,7.0,6.0,56.0,2.0,1.0,0.25,1.0,,,,,,1.0,,,1.0,0.0,0.0,5.0,4.0,3.0,6.0,1.0,3.0,-1.0,1,1,1,7,5,5,4,4,6,5,5,4.5,5.5,7,7,7,,2,1,1.0,5.0,5.25,21,1.0,3
82,S27,60.0,1,2.0,,3.5,3.5,,7.0,6.0,56.0,3.0,2.0,0.75,1.0,,,,,,,,,1.0,0.0,0.0,6.0,5.0,4.0,6.0,1.0,5.0,1.0,2,2,2,3,3,3,1,4,3,4,2,5.6,3.5,6,5,6,,2,1,2.0,3.25,2.5,17,1.0,3
83,S32,60.0,1,2.0,,5.0,5.0,1.0,5.0,4.0,12.0,3.0,2.0,0.75,1.0,,,,1.0,,,,,1.0,0.0,0.0,4.0,3.0,2.0,5.0,0.0,2.0,-2.0,2,2,2,1,1,1,1,4,1,4,1,5.6,1.4,6,6,6,,3,1,2.0,2.5,1.0,18,2.0,4
84,S34,60.0,1,1.0,1.0,30.0,30.0,1.0,7.0,6.0,56.0,3.0,2.0,0.75,,,,,,,,,,1.0,0.0,0.0,2.0,1.0,0.0,5.0,0.0,2.0,-2.0,1,1,1,4,1,1,2,4,2,4,1,5.6,2.1,9,9,9,,3,0,1.0,2.75,2.0,27,2.0,4
85,S41,60.0,1,1.0,1.0,10.0,10.0,1.0,7.0,6.0,56.0,5.0,4.0,1.75,1.0,1.0,1.0,,,1.0,1.0,,,1.0,0.0,0.0,6.0,5.0,4.0,4.0,-1.0,5.0,1.0,2,2,2,2,2,2,1,5,3,3,2,5.6,3.5,5,5,5,,1,1,2.0,3.25,1.75,15,1.0,2
86,S51,60.0,1,2.0,1.0,20.0,20.0,1.0,7.0,6.0,56.0,3.0,2.0,0.75,1.0,1.0,1.0,,,1.0,1.0,,,1.0,0.0,0.0,5.0,4.0,3.0,5.0,0.0,3.0,-1.0,3,3,3,3,3,2,4,5,2,5,2,7.0,2.8,5,5,5,,4,0,3.0,3.5,3.0,15,5.0,5
87,W017,60.0,1,1.0,2.0,0.0,0.0,2.0,1.0,0.0,0.0,1.0,0.0,0.0,1.0,,,1.0,,,,1.0,,1.0,0.0,0.0,3.0,2.0,1.0,3.0,-2.0,2.0,-2.0,4,4,3,1,1,1,2,1,1,1,1,1.0,1.0,3,3,3,,1,1,3.6666666666666665,1.0,1.25,9,1.0,2
88,W023,60.0,1,2.0,,10.0,10.0,1.0,7.0,6.0,56.0,2.0,1.0,0.25,1.0,,,,1.0,,,,,1.0,0.0,0.0,4.0,3.0,2.0,8.0,3.0,6.0,2.0,2,2,3,7,3,3,3,7,2,7,2,7.0,2.0,7,10,7,,3,1,2.3333333333333335,4.5,4.0,24,1.0,4
89,W046,60.0,2,1.0,1.0,20.0,20.0,1.0,7.0,6.0,56.0,6.0,5.0,2.5,1.0,1.0,,,,,1.0,,,1.0,0.0,0.0,6.0,5.0,4.0,7.0,2.0,6.0,2.0,1,1,1,6,5,6,4,7,1,6,1,6.5,1.0,10,10,10,,2,0,1.0,3.75,5.25,30,3.0,3
90,W053,60.0,1,2.0,,15.0,15.0,1.0,6.0,5.0,28.0,3.0,2.0,0.75,1.0,,,,,,1.0,1.0,,1.0,0.0,0.0,5.0,4.0,3.0,5.0,0.0,3.0,-1.0,4,4,3,2,5,2,7,7,7,7,7,7.0,7.0,6,5,5,,4,1,3.6666666666666665,7.0,4.0,16,2.0,4
91,W064,60.0,1,2.0,,13.0,13.0,1.0,5.0,4.0,12.0,6.0,5.0,2.5,1.0,,,,,,1.0,,,1.0,0.0,0.0,4.0,3.0,2.0,5.0,0.0,4.0,0.0,4,4,3,4,5,5,5,7,2,6,2,6.5,2.0,6,6,6,,4,1,3.6666666666666665,4.25,4.75,18,1.0,4
92,W065,60.0,4,1.0,1.0,10.0,10.0,1.0,7.0,6.0,56.0,2.0,1.0,0.25,1.0,,1.0,,,,,,,2.0,1.0,3.0,4.0,3.0,2.0,6.0,1.0,5.0,1.0,1,1,1,4,3,4,5,7,7,7,7,7.0,7.0,10,9,8,,1,1,1.0,7.0,4.0,27,1.0,2
93,W087,60.0,1,2.0,,10.0,10.0,1.0,7.0,6.0,56.0,2.0,1.0,0.25,,1.0,1.0,1.0,1.0,,1.0,,,2.0,1.0,3.0,3.0,2.0,1.0,3.0,-2.0,4.0,0.0,2,3,1,2,3,3,1,3,3,4,4,3.5,3.5,4,5,5,,4,1,2.0,3.5,2.25,14,1.0,4
94,W093,60.0,1,1.0,2.0,12.0,2.0,1.0,7.0,6.0,56.0,3.0,2.0,0.75,1.0,1.0,1.0,,,,1.0,1.0,,1.0,0.0,0.0,5.0,4.0,3.0,2.0,-3.0,3.0,-1.0,5,1,1,5,5,5,5,5,1,5,1,5.0,1.0,2,3,3,,2,0,2.3333333333333335,3.0,5.0,8,1.0,3
95,W115,60.0,1,2.0,,10.0,10.0,1.0,6.0,5.0,28.0,6.0,5.0,2.5,1.0,,,,,,,,,1.0,0.0,0.0,5.0,4.0,3.0,8.0,3.0,2.0,-2.0,2,3,3,2,3,2,2,7,2,7,2,7.0,2.0,2,2,2,,3,1,2.6666666666666665,4.5,2.25,6,1.0,4
96,W122,60.0,1,2.0,,6.0,6.0,1.0,7.0,6.0,56.0,2.0,1.0,0.25,1.0,,,,,,,,,1.0,0.0,0.0,3.0,2.0,1.0,5.0,0.0,3.0,-1.0,3,3,3,4,3,2,2,3,1,4,1,3.5,1.0,5,5,5,,5,0,3.0,2.25,2.75,15,1.0,5
97,W125,60.0,2,1.0,1.0,10.0,10.0,1.0,7.0,6.0,56.0,7.0,6.0,3.5,,,1.0,,,,1.0,,,1.0,0.0,0.0,5.0,4.0,3.0,8.0,3.0,2.0,-2.0,1,1,1,5,4,5,4,5,6,4,6,4.5,6.0,6,6,6,,5,0,1.0,5.25,4.5,18,1.0,5
98,W149,60.0,1,1.0,2.0,20.0,20.0,1.0,7.0,6.0,56.0,3.0,2.0,0.75,1.0,1.0,1.0,1.0,,,1.0,,,1.0,0.0,0.0,5.0,4.0,3.0,4.0,-1.0,4.0,0.0,3,3,1,3,3,1,3,5,1,4,2,4.5,1.5,5,5,5,,4,1,2.3333333333333335,3.0,2.5,15,5.0,4
99,W162,60.0,1,2.0,,15.0,15.0,1.0,7.0,6.0,56.0,3.0,2.0,0.75,1.0,1.0,,,,,1.0,,,1.0,0.0,0.0,5.0,4.0,3.0,6.0,1.0,4.0,0.0,1,4,4,4,4,4,4,4,4,4,4,4.0,4.0,6,6,6,,4,1,3.0,4.0,4.0,18,2.0,4
100,W178,60.0,1,2.0,,10.0,10.0,1.0,7.0,6.0,56.0,3.0,2.0,0.75,1.0,,1.0,,,,1.0,,,2.0,1.0,3.0,5.0,4.0,3.0,8.0,3.0,6.0,2.0,4,4,4,7,7,7,7,7,7,7,7,7.0,7.0,10,9,10,,3,1,4.0,7.0,7.0,29,2.0,4
101,W182,60.0,1,1.0,2.0,10.0,10.0,1.0,7.0,6.0,56.0,7.0,6.0,3.5,1.0,,1.0,,,1.0,1.0,,,1.0,0.0,0.0,4.0,3.0,2.0,8.0,3.0,3.0,-1.0,1,1,1,7,7,2,1,7,2,7,2,7.0,2.0,2,2,2,,5,0,1.0,4.5,4.25,6,5.0,5
102,W188,60.0,1,1.0,2.0,10.0,10.0,1.0,5.0,4.0,12.0,2.0,1.0,0.25,1.0,1.0,,,,,1.0,,,1.0,0.0,0.0,5.0,4.0,3.0,4.0,-1.0,4.0,0.0,3,3,2,3,3,2,2,3,1,3,2,3.0,1.5,5,5,5,,4,1,2.6666666666666665,2.25,2.5,15,2.0,4
103,W193,60.0,1,2.0,,5.0,5.0,2.0,6.0,5.0,28.0,2.0,1.0,0.25,,,1.0,,,,,,,1.0,0.0,0.0,3.0,2.0,1.0,3.0,-2.0,3.0,-1.0,3,6,2,3,5,5,2,4,3,4,2,4.0,2.5,3,2,5,,1,1,3.6666666666666665,3.25,3.75,10,3.0,2
104,W205,60.0,3,1.0,1.0,13.0,13.0,1.0,7.0,6.0,56.0,5.0,4.0,1.75,1.0,,,,,,1.0,,,1.0,0.0,0.0,6.0,5.0,4.0,2.0,-3.0,2.0,-2.0,1,1,1,1,2,3,1,2,2,2,1,2.0,1.5,5,3,3,,4,1,1.0,1.75,1.75,11,1.0,4
105,W225,60.0,1,2.0,,8.0,8.0,1.0,7.0,6.0,56.0,3.0,2.0,0.75,1.0,,,,,,1.0,,,6.0,5.0,23.0,4.0,3.0,2.0,3.0,-2.0,3.0,-1.0,2,2,2,2,2,1,2,1,1,2,1,1.5,1.0,2,1,1,,3,1,2.0,1.25,1.75,4,2.0,4
106,W235,60.0,1,2.0,,10.0,10.0,1.0,7.0,6.0,56.0,3.0,2.0,0.75,1.0,,,,,,1.0,,,1.0,0.0,0.0,4.0,3.0,2.0,7.0,2.0,5.0,1.0,1,1,1,7,7,4,7,7,3,7,3,7.0,3.0,8,8,7,,2,1,1.0,5.0,6.25,23,2.0,3
107,W240,60.0,1,2.0,,10.0,10.0,1.0,7.0,6.0,56.0,3.0,2.0,0.75,,,,,,,1.0,,,1.0,0.0,0.0,5.0,4.0,3.0,5.0,0.0,4.0,0.0,1,1,1,4,4,4,7,1,1,7,1,4.0,1.0,5,5,5,,4,1,1.0,2.5,4.75,15,1.0,4
108,W246,60.0,2,2.0,,12.0,12.0,1.0,7.0,6.0,56.0,2.0,1.0,0.25,1.0,,,,,,1.0,1.0,,1.0,0.0,0.0,5.0,4.0,3.0,8.0,3.0,4.0,0.0,1,1,1,7,4,7,1,5,4,7,3,6.0,3.5,7,5,6,,2,0,1.0,4.75,4.75,18,2.0,3
109,W259,60.0,1,2.0,,20.0,20.0,1.0,7.0,6.0,56.0,3.0,2.0,0.75,1.0,,,,,,1.0,,,1.0,0.0,0.0,5.0,4.0,3.0,6.0,1.0,5.0,1.0,5,2,1,5,4,5,2,4,4,4,4,4.0,4.0,7,7,7,,2,1,2.6666666666666665,4.0,4.0,21,1.0,3
110,W260,60.0,2,1.0,1.0,10.0,10.0,1.0,7.0,6.0,56.0,6.0,5.0,2.5,1.0,1.0,1.0,,,,1.0,,,1.0,0.0,0.0,6.0,5.0,4.0,5.0,0.0,5.0,1.0,2,3,1,7,3,4,4,7,3,7,3,7.0,3.0,7,6,7,,2,1,2.0,5.0,4.5,20,1.0,3
111,W272,60.0,1,2.0,,10.0,10.0,1.0,7.0,6.0,56.0,4.0,3.0,1.25,1.0,1.0,,,1.0,1.0,1.0,1.0,,1.0,0.0,0.0,6.0,5.0,4.0,8.0,3.0,4.0,0.0,1,1,1,7,7,7,7,7,4,7,4,7.0,4.0,9,8,10,,5,1,1.0,5.5,7.0,27,3.0,5
112,W296,60.0,1,2.0,,20.0,20.0,1.0,7.0,6.0,56.0,3.0,2.0,0.75,1.0,1.0,,,,,1.0,,,1.0,0.0,0.0,5.0,4.0,3.0,6.0,1.0,4.0,0.0,1,1,1,6,5,4,7,7,7,7,7,7.0,7.0,6,6,5,,4,1,1.0,7.0,5.5,17,1.0,4
113,W301,60.0,1,2.0,,12.0,12.0,1.0,7.0,6.0,56.0,3.0,2.0,0.75,,,,,,,1.0,,,1.0,0.0,0.0,6.0,5.0,4.0,5.0,0.0,5.0,1.0,1,1,1,6,6,5,7,7,2,6,1,6.5,1.5,9,9,9,,1,1,1.0,4.0,6.0,27,5.0,2
114,S9,61.0,1,2.0,,12.0,12.0,1.0,5.0,4.0,12.0,3.0,2.0,0.75,1.0,,,,,,,,,1.0,0.0,0.0,4.0,3.0,2.0,5.0,0.0,3.0,-1.0,2,2,2,2,2,4,2,4,3,4,3,5.6,4.2,4,4,4,,3,1,2.0,3.5,2.5,12,5.0,4
115,S10,61.0,1,1.0,2.0,12.0,12.0,1.0,7.0,6.0,56.0,3.0,2.0,0.75,1.0,,,,,,1.0,1.0,,1.0,0.0,0.0,6.0,5.0,4.0,8.0,3.0,6.0,2.0,1,1,1,4,4,3,3,5,4,4,3,6.3,4.9,8,8,8,,2,1,1.0,4.0,3.5,24,1.0,3
116,S17,61.0,1,1.0,2.0,1.0,1.0,1.0,5.0,4.0,12.0,3.0,2.0,0.75,1.0,1.0,,,,,1.0,,,1.0,0.0,0.0,4.0,3.0,2.0,5.3,,5.0,1.0,4,3,2,1,1,3,4,5,3,5,2,7.0,3.5,5,5,5,,2,0,3.0,3.75,2.25,15,5.0,3
117,W011,61.0,1,1.0,1.0,12.0,12.0,1.0,7.0,6.0,56.0,2.0,1.0,0.25,,,1.0,,,,1.0,,,2.0,1.0,3.0,5.0,4.0,3.0,5.0,0.0,5.0,1.0,1,1,1,5,5,5,4,5,6,5,5,5.0,5.5,7,6,7,,3,1,1.0,5.25,4.75,20,1.0,4
118,W020,61.0,4,1.0,1.0,0.0,0.0,2.0,1.0,0.0,0.0,1.0,0.0,0.0,1.0,,1.0,,,,1.0,,,1.0,0.0,0.0,1.0,0.0,0.0,1.0,,1.0,,4,4,3,3,3,3,3,3,3,3,1,3.0,2.0,4,4,4,,2,0,3.6666666666666665,2.5,3.0,12,1.0,3
119,W073,61.0,1,2.0,,8.0,8.0,1.0,7.0,6.0,56.0,7.0,6.0,3.5,1.0,,,,,,1.0,1.0,,1.0,0.0,0.0,4.0,3.0,2.0,7.0,2.0,5.0,1.0,1,1,1,7,5,5,7,7,7,7,6,7.0,6.5,7,7,7,,1,1,1.0,6.75,6.0,21,1.0,2
120,W082,61.0,3,2.0,,15.0,15.0,1.0,7.0,6.0,56.0,2.0,1.0,0.25,1.0,,1.0,,,1.0,,,,1.0,0.0,0.0,4.0,3.0,2.0,4.0,-1.0,4.0,0.0,1,1,1,1,1,2,1,1,2,2,2,1.5,2.0,5,5,5,,3,1,1.0,1.75,1.25,15,1.0,4
121,W113,61.0,1,2.0,,3.0,3.0,1.0,7.0,6.0,56.0,3.0,2.0,0.75,1.0,,1.0,,,,1.0,,,1.0,0.0,0.0,5.0,4.0,3.0,5.0,0.0,4.0,0.0,1,1,1,4,4,4,4,4,4,4,4,4.0,4.0,6,6,6,,3,1,1.0,4.0,4.0,18,1.0,4
122,W138,61.0,1,2.0,,16.0,16.0,2.0,7.0,6.0,56.0,3.0,2.0,0.75,1.0,,,,,,,,,1.0,0.0,0.0,5.0,4.0,3.0,6.0,1.0,5.0,1.0,1,1,1,6,4,3,7,7,3,7,2,7.0,2.5,9,6,5,,3,1,1.0,4.75,5.0,20,1.0,4
123,W141,61.0,1,2.0,,5.0,5.0,1.0,7.0,6.0,56.0,4.0,3.0,1.25,1.0,,,,,,1.0,,,1.0,0.0,0.0,2.0,1.0,0.0,8.0,3.0,6.0,2.0,1,1,1,7,7,7,4,7,1,7,1,7.0,1.0,10,10,10,,4,1,1.0,4.0,6.25,30,1.0,4
124,W142,61.0,1,2.0,,12.0,12.0,1.0,7.0,6.0,56.0,2.0,1.0,0.25,1.0,,1.0,,,,1.0,1.0,,1.0,0.0,0.0,6.0,5.0,4.0,8.0,3.0,4.0,0.0,4,1,1,4,4,4,5,7,3,7,3,7.0,3.0,6,6,6,,2,1,2.0,5.0,4.25,18,2.0,3
125,W167,61.0,1,2.0,,10.0,10.0,1.0,7.0,6.0,56.0,3.0,2.0,0.75,1.0,,1.0,,,,1.0,,,1.0,0.0,0.0,4.0,3.0,2.0,7.0,2.0,4.0,0.0,1,1,1,7,7,7,1,7,1,7,1,7.0,1.0,5,5,5,,2,1,1.0,4.0,5.5,15,1.0,3
126,W202,61.0,4,1.0,1.0,13.0,13.0,1.0,5.0,4.0,12.0,2.0,1.0,0.25,,,,,,,1.0,,,1.0,0.0,0.0,4.0,3.0,2.0,4.0,-1.0,3.0,-1.0,1,1,2,2,2,2,2,5,1,5,1,5.0,1.0,3,3,2,,4,0,1.3333333333333333,3.0,2.0,8,1.0,4
127,W239,61.0,1,2.0,,15.0,15.0,1.0,7.0,6.0,56.0,3.0,2.0,0.75,1.0,,,,,,,,,1.0,0.0,0.0,4.0,3.0,2.0,4.0,-1.0,3.0,-1.0,3,3,3,3,2,2,3,3,1,3,1,3.0,1.0,5,3,3,,1,1,3.0,2.0,2.5,11,1.0,2
128,W273,61.0,1,2.0,,20.0,20.0,1.0,5.0,4.0,12.0,2.0,1.0,0.25,1.0,,1.0,,,1.0,1.0,,,1.0,0.0,0.0,5.0,4.0,3.0,7.0,2.0,4.0,0.0,1,1,1,3,2,5,1,6,1,3,1,4.5,1.0,6,6,6,,4,1,1.0,2.75,2.75,18,1.0,4
129,W302,61.0,1,1.0,2.0,5.0,5.0,1.0,2.0,1.0,0.5,2.0,1.0,0.25,,,,,,,1.0,1.0,,1.0,0.0,0.0,4.0,3.0,2.0,5.0,0.0,4.0,0.0,4,4,3,4,4,4,3,5,1,4,1,4.5,1.0,6,5,5,,1,1,3.6666666666666665,2.75,3.75,16,5.0,2
130,S48,62.0,1,1.0,1.0,20.0,20.0,1.0,5.0,4.0,12.0,3.0,2.0,0.75,,,,,,,1.0,,,1.0,0.0,0.0,3.0,2.0,1.0,5.0,0.0,2.0,-2.0,1,1,1,1,1,1,1,3,1,3,1,4.2,1.4,3,3,3,,3,1,1.0,2.0,1.0,9,3.0,4
131,W004,62.0,1,2.0,,0.0,0.0,2.0,1.0,0.0,0.0,1.0,0.0,0.0,1.0,1.0,1.0,,,,,,,1.0,0.0,0.0,1.0,0.0,0.0,1.0,,1.0,,6,6,6,1,1,1,1,1,1,6,1,3.5,1.0,4,3,2,,2,1,6.0,2.25,1.0,9,1.0,3
132,W014,62.0,4,1.0,1.0,14.0,16.0,1.0,7.0,6.0,56.0,2.0,1.0,0.25,,,1.0,,,1.0,1.0,,,2.0,1.0,3.0,5.0,4.0,3.0,6.0,1.0,5.0,1.0,1,1,1,6,6,5,4,6,6,6,5,6.0,5.5,8,8,8,,5,1,1.0,5.75,5.25,24,1.0,5
133,W054,62.0,4,2.0,,2.0,1.0,2.0,5.0,4.0,12.0,2.0,1.0,0.25,1.0,,,,,,1.0,,,1.0,0.0,0.0,3.0,2.0,1.0,2.0,-3.0,4.0,0.0,1,1,2,3,3,3,2,3,2,3,2,3.0,2.0,6,5,5,,4,1,1.3333333333333333,2.5,2.75,16,1.0,4
134,W060,62.0,1,2.0,,20.0,20.0,1.0,7.0,6.0,56.0,2.0,1.0,0.25,1.0,,,,,,,,,1.0,0.0,0.0,4.0,3.0,2.0,5.0,0.0,4.0,0.0,3,2,1,4,4,2,7,4,6,6,2,5.0,4.0,6,6,6,,4,1,2.0,4.5,4.25,18,5.0,4
135,W068,62.0,2,1.0,1.0,20.0,20.0,1.0,5.0,4.0,12.0,2.0,1.0,0.25,1.0,,,,,,,,,1.0,0.0,0.0,5.0,4.0,3.0,4.0,-1.0,4.0,0.0,2,2,1,2,2,2,2,7,2,2,2,4.5,2.0,2,2,2,,4,0,1.6666666666666667,3.25,2.0,6,5.0,4
136,W084,62.0,1,2.0,,15.0,15.0,1.0,7.0,6.0,56.0,7.0,6.0,3.5,1.0,1.0,,,,,1.0,,,1.0,0.0,0.0,5.0,4.0,3.0,5.0,0.0,3.0,-1.0,1,1,1,4,3,4,4,4,1,4,1,4.0,1.0,5,5,5,,3,1,1.0,2.5,3.75,15,5.0,4
137,W106,62.0,4,1.0,1.0,12.0,12.0,1.0,7.0,6.0,56.0,2.0,1.0,0.25,,,,,,,,,,1.0,0.0,0.0,3.0,2.0,1.0,8.0,3.0,6.0,2.0,1,1,1,7,7,7,7,7,1,7,7,7.0,4.0,10,10,10,,1,1,1.0,5.5,7.0,30,1.0,2
138,W112,62.0,1,2.0,,10.0,10.0,2.0,7.0,6.0,56.0,2.0,1.0,0.25,1.0,,1.0,,,,1.0,,,1.0,0.0,0.0,4.0,3.0,2.0,3.0,-2.0,4.0,0.0,1,1,1,2,2,1,1,1,2,1,1,1.0,1.5,2,1,2,,2,1,1.0,1.25,1.5,5,1.0,3
139,W114,62.0,1,2.0,,10.0,10.0,2.0,2.0,1.0,0.5,1.0,0.0,0.0,,,1.0,,,,1.0,,,1.0,0.0,0.0,3.0,2.0,1.0,3.0,-2.0,3.0,-1.0,5,5,5,1,1,1,1,1,1,1,1,1.0,1.0,7,7,7,,4,1,5.0,1.0,1.0,21,1.0,4
140,W130,62.0,1,2.0,,10.0,10.0,1.0,5.0,4.0,12.0,2.0,1.0,0.25,1.0,,,,,,,,,1.0,0.0,0.0,5.0,4.0,3.0,3.0,-2.0,4.0,0.0,1,2,1,2,2,4,2,2,1,4,1,3.0,1.0,5,5,5,,3,1,1.3333333333333333,2.0,2.5,15,1.0,4
141,W135,62.0,1,2.0,,7.0,7.0,1.0,5.0,4.0,12.0,2.0,1.0,0.25,1.0,,,,,,,,,1.0,0.0,0.0,3.0,2.0,1.0,3.0,-2.0,3.0,-1.0,2,2,1,2,2,2,1,3,1,2,3,2.5,2.0,5,6,4,,3,1,1.6666666666666667,2.25,1.75,15,1.0,4
142,W136,62.0,1,2.0,,10.0,10.0,1.0,7.0,6.0,56.0,2.0,1.0,0.25,1.0,,,,,,,,,1.0,0.0,0.0,5.0,4.0,3.0,5.0,0.0,3.0,-1.0,1,1,1,7,7,7,1,7,4,7,4,7.0,4.0,10,6,10,,2,1,1.0,5.5,5.5,26,1.0,3
143,W161,62.0,1,2.0,,10.0,10.0,1.0,7.0,6.0,56.0,3.0,2.0,0.75,1.0,1.0,,,,,1.0,,,2.0,1.0,3.0,4.0,3.0,2.0,5.0,0.0,4.0,0.0,4,4,4,4,4,4,4,4,4,4,4,4.0,4.0,6,6,6,,3,1,4.0,4.0,4.0,18,1.0,4
144,W173,62.0,1,1.0,1.0,10.0,10.0,1.0,6.0,5.0,28.0,3.0,2.0,0.75,,,,,,,,,,6.0,5.0,23.0,4.0,3.0,2.0,6.0,1.0,4.0,0.0,2,2,6,6,6,6,6,7,7,7,7,7.0,7.0,6,7,7,,3,0,3.3333333333333335,7.0,6.0,20,1.0,4
145,W175,62.0,1,2.0,,5.0,5.0,1.0,7.0,6.0,56.0,5.0,4.0,1.75,1.0,1.0,1.0,,,,1.0,,,1.0,0.0,0.0,5.0,4.0,3.0,6.0,1.0,3.0,-1.0,2,3,2,2,3,3,5,5,4,4,4,4.5,4.0,5,4,4,,4,1,2.3333333333333335,4.25,3.25,13,5.0,4
146,W187,62.0,1,1.0,2.0,10.0,10.0,2.0,7.0,6.0,56.0,2.0,1.0,0.25,1.0,1.0,,,,,1.0,,,2.0,1.0,3.0,4.0,3.0,2.0,6.0,1.0,4.0,0.0,3,3,3,5,5,5,5,5,3,5,3,5.0,3.0,7,6,6,,4,0,3.0,4.0,5.0,19,2.0,4
147,W207,62.0,1,2.0,,10.0,10.0,1.0,7.0,6.0,56.0,3.0,2.0,0.75,1.0,1.0,,,,,1.0,,,1.0,0.0,0.0,4.0,3.0,2.0,6.0,1.0,4.0,0.0,3,2,4,4,3,3,4,5,3,5,3,5.0,3.0,8,7,8,,4,1,3.0,4.0,3.5,23,5.0,4
148,W282,62.0,1,2.0,,10.0,10.0,2.0,7.0,6.0,56.0,3.0,2.0,0.75,1.0,,,,,,1.0,,,1.0,0.0,0.0,5.0,4.0,3.0,7.0,2.0,5.0,1.0,1,1,1,5,5,5,1,7,1,7,1,7.0,1.0,6,9,8,,3,0,1.0,4.0,4.0,23,1.0,4
149,W286,62.0,1,2.0,,15.0,15.0,1.0,7.0,6.0,56.0,2.0,1.0,0.25,1.0,,,,,,1.0,,,1.0,0.0,0.0,5.0,4.0,3.0,6.0,1.0,5.0,1.0,1,1,1,7,6,4,7,7,1,7,1,7.0,1.0,3,3,3,,4,1,1.0,4.0,6.0,9,1.0,4
150,W305,62.0,1,2.0,,6.0,6.0,1.0,7.0,6.0,56.0,2.0,1.0,0.25,,,,,,,1.0,,,1.0,0.0,0.0,3.0,2.0,1.0,3.0,-2.0,4.0,0.0,5,5,5,2,2,1,1,2,1,2,1,2.0,1.0,2,2,2,,3,1,5.0,1.5,1.5,6,5.0,4
151,S7,63.0,1,2.0,,15.0,15.0,1.0,7.0,6.0,56.0,3.0,2.0,0.75,1.0,,,,,,,,,1.0,0.0,0.0,,,,5.0,0.0,5.0,1.0,3,3,3,4,5,2,5,5,2,3,2,5.6,2.8,5,5,7,,3,1,3.0,3.0,4.0,17,2.0,4
152,S30,63.0,1,2.0,,10.0,10.0,1.0,7.0,6.0,56.0,3.0,2.0,0.75,1.0,,,,,,,,,1.0,0.0,0.0,4.0,3.0,2.0,5.0,0.0,5.0,1.0,1,1,2,3,3,3,2,3,3,3,1,4.2,2.8,6,6,6,,2,0,1.3333333333333333,2.5,2.75,18,2.0,3
153,S39,63.0,1,1.0,1.0,1.0,1.0,2.0,1.0,0.0,0.0,1.0,0.0,0.0,1.0,,,,1.0,,,,,1.0,0.0,0.0,,,,5.0,0.0,2.0,-2.0,0,0,0,0,0,0,0,0,0,0,0,0.0,0.0,0,0,0,,1,0,0.0,0.0,0.0,0,2.0,2
154,W003,63.0,1,2.0,,10.0,10.0,2.0,7.0,6.0,56.0,5.0,4.0,1.75,,,1.0,,,,1.0,,,1.0,0.0,0.0,5.0,4.0,3.0,5.0,0.0,4.0,0.0,1,1,1,4,5,3,5,5,1,5,1,5.0,1.0,6,6,6,,4,0,1.0,3.0,4.25,18,1.0,4
155,W040,63.0,1,2.0,,10.0,10.0,1.0,6.0,5.0,28.0,2.0,1.0,0.25,,,1.0,,,,1.0,,,1.0,0.0,0.0,5.0,4.0,3.0,4.0,-1.0,4.0,0.0,3,4,3,5,5,3,4,5,5,6,6,5.5,5.5,6,6,7,,3,1,3.3333333333333335,5.5,4.25,19,1.0,4
156,W041,63.0,1,2.0,,6.0,6.0,1.0,5.0,4.0,12.0,2.0,1.0,0.25,1.0,,,,,,,,,1.0,0.0,0.0,4.0,3.0,2.0,5.0,0.0,4.0,0.0,2,2,2,5,4,4,3,6,2,6,1,6.0,1.5,8,6,8,,1,1,2.0,3.75,4.0,22,1.0,2
157,W044,63.0,1,2.0,,12.0,12.0,1.0,5.0,4.0,12.0,5.0,4.0,1.75,,1.0,,,,,,,,1.0,0.0,0.0,5.0,4.0,3.0,5.0,0.0,1.0,,1,1,1,3,3,1,1,5,1,3,1,4.0,1.0,5,3,4,,1,0,1.0,2.5,2.0,12,5.0,2
158,W090,63.0,3,1.0,1.0,6.0,6.0,1.0,7.0,6.0,56.0,2.0,1.0,0.25,1.0,,,,,,,,,1.0,0.0,0.0,3.0,2.0,1.0,5.0,0.0,2.0,-2.0,4,4,7,4,4,4,1,4,1,7,1,5.5,1.0,1,6,1,,2,1,5.0,3.25,3.25,8,2.0,3
159,W155,63.0,1,2.0,,5.0,5.0,1.0,5.0,4.0,12.0,2.0,1.0,0.25,,,,,,,,,,1.0,0.0,0.0,4.0,3.0,2.0,7.0,2.0,5.0,1.0,3,3,3,5,5,3,3,7,1,7,1,7.0,1.0,8,8,8,,1,1,3.0,4.0,4.0,24,1.0,2
160,W185,63.0,1,1.0,2.0,10.0,10.0,1.0,7.0,6.0,56.0,3.0,2.0,0.75,1.0,1.0,1.0,,,1.0,1.0,,,1.0,0.0,0.0,4.0,3.0,2.0,5.0,0.0,4.0,0.0,1,7,1,4,2,2,1,7,2,2,2,4.5,2.0,10,10,10,,2,1,3.0,3.25,2.25,30,5.0,3
161,W189,63.0,1,2.0,,0.0,0.0,2.0,2.0,1.0,0.5,2.0,1.0,0.25,,1.0,,,,,1.0,,,1.0,0.0,0.0,3.0,2.0,1.0,3.0,-2.0,3.0,-1.0,2,2,2,2,2,2,2,3,2,3,2,3.0,2.0,2,1,2,,4,1,2.0,2.5,2.0,5,1.0,4
162,W194,63.0,1,2.0,,5.0,5.0,1.0,7.0,6.0,56.0,3.0,2.0,0.75,1.0,,,,,,,,,1.0,0.0,0.0,2.0,1.0,0.0,5.0,0.0,4.0,0.0,4,4,4,7,7,7,7,7,7,7,7,7.0,7.0,10,10,10,,1,1,4.0,7.0,7.0,30,3.0,2
163,W218,63.0,1,2.0,,20.0,20.0,1.0,7.0,6.0,56.0,3.0,2.0,0.75,1.0,,1.0,,,,1.0,,,1.0,0.0,0.0,6.0,5.0,4.0,8.0,3.0,6.0,2.0,1,1,1,7,7,5,7,7,5,7,3,7.0,4.0,10,10,10,,2,0,1.0,5.5,6.5,30,5.0,3
164,W228,63.0,1,2.0,,5.0,5.0,2.0,5.0,4.0,12.0,2.0,1.0,0.25,,,,,,,1.0,,,1.0,0.0,0.0,3.0,2.0,1.0,4.0,-1.0,4.0,0.0,3,3,3,3,2,2,2,3,1,3,1,3.0,1.0,4,3,3,,1,1,3.0,2.0,2.25,10,2.0,2
165,W289,63.0,1,2.0,,5.0,5.0,1.0,7.0,6.0,56.0,5.0,4.0,1.75,1.0,1.0,1.0,,,,1.0,1.0,,1.0,0.0,0.0,4.0,3.0,2.0,6.0,1.0,4.0,0.0,2,2,2,4,4,3,3,5,2,5,2,5.0,2.0,7,7,7,,4,1,2.0,3.5,3.5,21,2.0,4
166,S28,64.0,1,1.0,1.0,10.0,10.0,1.0,7.0,6.0,56.0,1.0,0.0,0.0,,,,,,,,,,1.0,0.0,0.0,3.0,2.0,1.0,4.0,-1.0,2.0,-2.0,1,1,1,1,1,1,1,5,1,1,1,4.2,1.4,3,1,0,,2,1,1.0,2.0,1.0,4,2.0,3
167,W021,64.0,1,2.0,,1.0,1.0,1.0,2.0,1.0,0.5,2.0,1.0,0.25,1.0,,,,,,,,,1.0,0.0,0.0,2.0,1.0,0.0,3.0,-2.0,3.0,-1.0,3,3,3,1,1,1,1,2,1,2,1,2.0,1.0,2,2,2,,1,1,3.0,1.5,1.0,6,1.0,2
168,W030,64.0,1,2.0,,12.0,12.0,1.0,6.0,5.0,28.0,2.0,1.0,0.25,1.0,,,,,,,,,1.0,0.0,0.0,4.0,3.0,2.0,5.0,0.0,5.0,1.0,1,1,1,1,3,3,4,4,1,4,1,4.0,1.0,2,2,4,,4,1,1.0,2.5,2.75,8,1.0,4
169,W062,64.0,1,2.0,,8.0,8.0,1.0,5.0,4.0,12.0,2.0,1.0,0.25,,,1.0,,,,,,,1.0,0.0,0.0,2.0,1.0,0.0,3.0,-2.0,4.0,0.0,5,2,3,2,3,3,4,2,2,1,1,1.5,1.5,1,6,6,,1,1,3.3333333333333335,1.5,3.0,13,1.0,2
170,W097,64.0,1,2.0,,10.0,10.0,1.0,7.0,6.0,56.0,2.0,1.0,0.25,1.0,,,,,,,,,1.0,0.0,0.0,5.0,4.0,3.0,8.0,3.0,3.0,-1.0,2,2,2,6,6,1,7,7,1,7,2,7.0,1.5,6,3,2,,3,1,2.0,4.25,5.0,11,1.0,4
171,W250,64.0,1,2.0,,10.0,10.0,1.0,7.0,6.0,56.0,2.0,1.0,0.25,1.0,,,,,,,,,6.0,5.0,23.0,5.0,4.0,3.0,6.0,1.0,5.0,1.0,6,6,6,6,6,1,1,6,1,6,1,6.0,1.0,9,9,9,,2,1,6.0,3.5,3.5,27,1.0,3
172,W293,64.0,1,2.0,,5.0,5.0,1.0,5.0,4.0,12.0,5.0,4.0,1.75,1.0,1.0,1.0,,,,1.0,1.0,,1.0,0.0,0.0,5.0,4.0,3.0,5.0,0.0,4.0,0.0,1,1,1,6,6,5,5,7,3,7,4,7.0,3.5,8,6,9,,4,1,1.0,5.25,5.5,23,1.0,4
173,W308,64.0,2,2.0,,5.0,3.0,1.0,4.0,3.0,4.0,2.0,1.0,0.25,,1.0,,,,,1.0,1.0,,6.0,5.0,23.0,5.0,4.0,3.0,6.0,1.0,3.0,-1.0,1,1,1,3,3,3,1,5,5,5,1,5.0,3.0,5,3,3,,2,1,1.0,4.0,2.5,11,5.0,3
174,S40,65.0,1,1.0,2.0,30.0,20.0,1.0,3.0,2.0,1.0,1.0,0.0,0.0,,,,,,,,,,1.0,0.0,0.0,,,,4.0,-1.0,2.0,-2.0,2,4,2,2,1,1,1,2,1,1,1,2.1,1.4,1,0,0,,3,0,2.6666666666666665,1.25,1.25,1,2.0,4
175,W022,65.0,1,2.0,,5.0,5.0,1.0,6.0,5.0,28.0,2.0,1.0,0.25,1.0,,,,,,,,,1.0,0.0,0.0,4.0,3.0,2.0,5.0,0.0,4.0,0.0,3,3,3,4,4,3,4,4,2,4,1,4.0,1.5,8,8,8,,1,0,3.0,2.75,3.75,24,1.0,2
176,W036,65.0,1,1.0,2.0,15.0,15.0,1.0,7.0,6.0,56.0,2.0,1.0,0.25,1.0,1.0,1.0,1.0,1.0,,1.0,,,2.0,1.0,3.0,5.0,4.0,3.0,5.0,0.0,4.0,0.0,1,1,1,7,7,7,4,7,5,7,2,7.0,3.5,10,10,10,,2,1,1.0,5.25,6.25,30,1.0,3
177,W043,65.0,3,1.0,2.0,7.0,7.0,1.0,5.0,4.0,12.0,2.0,1.0,0.25,1.0,,,,,,,,,1.0,0.0,0.0,5.0,4.0,3.0,6.0,1.0,5.0,1.0,1,1,1,5,5,3,3,6,1,6,1,6.0,1.0,8,8,8,,5,0,1.0,3.5,4.0,24,2.0,5
178,W067,65.0,1,2.0,,15.0,15.0,1.0,7.0,6.0,56.0,3.0,2.0,0.75,1.0,1.0,1.0,,,1.0,1.0,1.0,,1.0,0.0,0.0,6.0,5.0,4.0,5.0,0.0,4.0,0.0,1,1,1,7,5,7,4,7,3,6,2,6.5,2.5,10,10,10,,4,1,1.0,4.5,5.75,30,1.0,4
179,W077,65.0,1,2.0,,10.0,10.0,1.0,7.0,6.0,56.0,5.0,4.0,1.75,1.0,1.0,1.0,,,,1.0,,,1.0,0.0,0.0,5.0,4.0,3.0,7.0,2.0,5.0,1.0,2,1,2,7,7,5,1,7,5,2,6,4.5,5.5,6,6,6,,4,1,1.6666666666666667,5.0,5.0,18,1.0,4
180,W080,65.0,1,2.0,,10.0,10.0,1.0,7.0,6.0,56.0,2.0,1.0,0.25,1.0,,,,,,,,,1.0,0.0,0.0,2.0,1.0,0.0,6.0,1.0,6.0,2.0,1,1,1,7,5,5,5,7,1,7,1,7.0,1.0,8,8,8,,1,1,1.0,4.0,5.5,24,1.0,2
181,W108,65.0,4,1.0,1.0,10.0,10.0,1.0,2.0,1.0,0.5,7.0,6.0,3.5,,,,,,,,,,1.0,0.0,0.0,3.0,2.0,1.0,8.0,3.0,5.0,1.0,1,1,1,7,7,4,4,7,1,7,1,7.0,1.0,10,10,10,,1,1,1.0,4.0,5.5,30,1.0,2
182,W171,65.0,1,2.0,,10.0,10.0,1.0,6.0,5.0,28.0,4.0,3.0,1.25,,,1.0,,,,1.0,,,2.0,1.0,3.0,4.0,3.0,2.0,6.0,1.0,6.0,2.0,7,5,7,7,7,5,6,6,6,6,7,6.0,6.5,8,9,10,,3,1,6.333333333333333,6.25,6.25,27,1.0,4
183,W195,65.0,1,2.0,,3.0,3.0,1.0,4.0,3.0,4.0,2.0,1.0,0.25,1.0,,,,,,,,,2.0,1.0,3.0,5.0,4.0,3.0,5.0,0.0,5.0,1.0,1,1,7,7,7,7,7,7,7,7,7,7.0,7.0,8,8,8,,2,1,3.0,7.0,7.0,24,1.0,3
184,W208,65.0,3,1.0,1.0,7.0,7.0,1.0,7.0,6.0,56.0,3.0,2.0,0.75,1.0,,,,,,,,,5.0,4.0,18.0,4.0,3.0,2.0,5.0,0.0,4.0,0.0,4,5,5,4,4,4,3,4,5,4,3,4.0,4.0,8,6,5,,5,1,4.666666666666667,4.0,3.75,19,5.0,5
187,W210,65.0,1,2.0,,20.0,20.0,1.0,7.0,6.0,56.0,3.0,2.0,0.75,1.0,,1.0,,,,1.0,,,1.0,0.0,0.0,6.0,5.0,4.0,8.0,3.0,6.0,2.0,1,1,1,7,7,7,7,7,7,7,7,7.0,7.0,10,10,10,,3,0,1.0,7.0,7.0,30,5.0,4
188,W214,65.0,1,2.0,,15.0,15.0,1.0,6.0,5.0,28.0,3.0,2.0,0.75,1.0,,,,,,,,,1.0,0.0,0.0,6.0,5.0,4.0,8.0,3.0,6.0,2.0,1,1,1,7,7,6,7,7,7,7,7,7.0,7.0,10,10,10,,3,1,1.0,7.0,6.75,30,5.0,4
189,W249,65.0,1,2.0,,3.0,3.0,1.0,4.0,3.0,4.0,2.0,1.0,0.25,1.0,,,,,,,,,5.0,4.0,18.0,3.0,2.0,1.0,5.0,0.0,4.0,0.0,5,5,5,5,1,1,5,5,1,5,1,5.0,1.0,6,6,6,,2,0,5.0,3.0,3.0,18,1.0,3
190,W267,65.0,3,2.0,,5.0,5.0,1.0,7.0,6.0,56.0,4.0,3.0,1.25,1.0,1.0,1.0,,,,1.0,1.0,,2.0,1.0,3.0,4.0,3.0,2.0,6.0,1.0,5.0,1.0,1,1,1,7,7,7,7,7,3,7,3,7.0,3.0,8,8,8,,4,1,1.0,5.0,7.0,24,1.0,4
191,W271,65.0,1,2.0,,10.0,10.0,1.0,7.0,6.0,56.0,2.0,1.0,0.25,1.0,1.0,1.0,,,,1.0,,,1.0,0.0,0.0,6.0,5.0,4.0,8.0,3.0,6.0,2.0,1,1,1,7,7,7,7,7,4,7,4,7.0,4.0,10,10,10,,4,1,1.0,5.5,7.0,30,1.0,4
192,W279,65.0,1,1.0,2.0,10.0,10.0,1.0,7.0,6.0,56.0,2.0,1.0,0.25,1.0,1.0,,,,,1.0,1.0,,1.0,0.0,0.0,5.0,4.0,3.0,6.0,1.0,5.0,1.0,1,1,1,7,6,6,3,7,1,6,1,6.5,1.0,7,7,7,,4,0,1.0,3.75,5.5,21,2.0,4
193,W280,65.0,1,2.0,,10.0,10.0,1.0,7.0,6.0,56.0,3.0,2.0,0.75,1.0,1.0,1.0,,,,1.0,1.0,,1.0,0.0,0.0,4.0,3.0,2.0,6.0,1.0,4.0,0.0,1,1,1,6,7,7,7,7,3,4,1,5.5,2.0,7,7,7,,1,1,1.0,3.75,6.75,21,1.0,2
194,W290,65.0,1,2.0,,7.0,7.0,1.0,7.0,6.0,56.0,6.0,5.0,2.5,1.0,1.0,,,,,1.0,1.0,,1.0,0.0,0.0,5.0,4.0,3.0,6.0,1.0,4.0,0.0,2,2,1,5,5,4,4,5,1,5,1,5.0,1.0,6,6,6,,4,0,1.6666666666666667,3.0,4.5,18,2.0,4
195,S6,66.0,1,2.0,,10.0,10.0,1.0,5.0,4.0,12.0,3.0,2.0,0.75,1.0,,,,,,,,,1.0,0.0,0.0,5.0,4.0,3.0,8.0,3.0,3.0,-1.0,3,3,3,3,3,3,3,5,3,5,3,7.0,4.2,5,5,6,,2,1,3.0,4.0,3.0,16,1.0,3
196,W018,66.0,1,1.0,2.0,3.0,3.0,1.0,3.0,2.0,1.0,2.0,1.0,0.25,1.0,,1.0,,,,,,,1.0,0.0,0.0,3.0,2.0,1.0,5.0,0.0,2.0,-2.0,2,2,1,3,3,3,3,5,1,5,1,5.0,1.0,4,3,3,,1,0,1.6666666666666667,3.0,3.0,10,1.0,2
197,W032,66.0,1,2.0,,6.0,6.0,1.0,7.0,6.0,56.0,3.0,2.0,0.75,1.0,,,,,,,,,1.0,0.0,0.0,4.0,3.0,2.0,5.0,0.0,4.0,0.0,2,2,2,4,4,3,2,4,4,5,3,4.5,3.5,5,6,5,,5,1,2.0,4.0,3.25,16,5.0,5
198,W035,66.0,1,2.0,,32.0,32.0,1.0,5.0,4.0,12.0,2.0,1.0,0.25,,,,,,,,,,1.0,0.0,0.0,5.0,4.0,3.0,8.0,3.0,6.0,2.0,1,1,1,7,7,1,7,7,1,7,1,7.0,1.0,10,10,10,,1,0,1.0,4.0,5.5,30,1.0,2
199,W061,66.0,1,2.0,,10.0,10.0,1.0,7.0,6.0,56.0,2.0,1.0,0.25,,1.0,,,,,,,,1.0,0.0,0.0,2.0,1.0,0.0,5.0,0.0,4.0,0.0,5,1,4,5,5,2,4,7,1,7,1,7.0,1.0,5,5,5,,3,1,3.3333333333333335,4.0,4.0,15,1.0,4
200,W091,66.0,1,2.0,,13.0,13.0,1.0,7.0,6.0,56.0,2.0,1.0,0.25,1.0,,,,,,1.0,,,1.0,0.0,0.0,4.0,3.0,2.0,5.0,0.0,4.0,0.0,1,1,1,2,2,2,1,2,2,2,2,2.0,2.0,8,8,8,,3,1,1.0,2.0,1.75,24,1.0,4
201,W096,66.0,1,2.0,,15.0,15.0,1.0,5.0,4.0,12.0,3.0,2.0,0.75,,,,,,,,,,1.0,0.0,0.0,3.0,2.0,1.0,6.0,1.0,6.0,2.0,1,1,1,7,4,4,2,7,1,7,1,7.0,1.0,6,7,8,,2,0,1.0,4.0,4.25,21,1.0,3
202,W111,66.0,1,2.0,,10.0,10.0,1.0,7.0,6.0,56.0,2.0,1.0,0.25,1.0,,1.0,,,,1.0,,,1.0,0.0,0.0,5.0,4.0,3.0,3.0,-2.0,3.0,-1.0,1,1,1,3,2,2,1,3,2,4,1,3.5,1.5,3,3,2,,3,1,1.0,2.5,2.0,8,5.0,4
203,W172,66.0,1,2.0,,10.0,10.0,1.0,6.0,5.0,28.0,5.0,4.0,1.75,,,,1.0,1.0,,,,,2.0,1.0,3.0,4.0,3.0,2.0,6.0,1.0,6.0,2.0,7,5,7,7,7,6,6,6,6,6,7,6.0,6.5,7,8,10,,3,0,6.333333333333333,6.25,6.5,25,1.0,4
204,W233,66.0,1,2.0,,10.0,10.0,1.0,7.0,6.0,56.0,2.0,1.0,0.25,1.0,1.0,,,,,1.0,,,1.0,0.0,0.0,6.0,5.0,4.0,4.0,-1.0,3.0,-1.0,2,2,1,7,4,1,1,1,1,7,1,4.0,1.0,4,4,4,,3,1,1.6666666666666667,2.5,3.25,12,5.0,4
205,W253,66.0,2,2.0,,15.0,15.0,1.0,7.0,6.0,56.0,4.0,3.0,1.25,1.0,1.0,1.0,,,1.0,1.0,,,1.0,0.0,0.0,6.0,5.0,4.0,7.0,2.0,6.0,2.0,1,1,1,7,6,6,1,7,4,7,4,7.0,4.0,10,10,10,,2,1,1.0,5.5,5.0,30,1.0,3
206,W257,66.0,1,2.0,,7.0,7.0,1.0,6.0,5.0,28.0,2.0,1.0,0.25,1.0,,,,,,1.0,,,2.0,1.0,3.0,3.0,2.0,1.0,4.0,-1.0,4.0,0.0,3,3,3,4,3,3,3,3,3,3,3,3.0,3.0,4,4,4,,2,0,3.0,3.0,3.25,12,2.0,3
207,W034,67.0,1,1.0,2.0,6.0,6.0,1.0,7.0,6.0,56.0,7.0,6.0,3.5,,,,,,,1.0,,,1.0,0.0,0.0,4.0,3.0,2.0,5.0,0.0,3.0,-1.0,2,2,4,3,2,2,2,5,2,5,2,5.0,2.0,5,4,3,,4,0,2.6666666666666665,3.5,2.25,12,4.0,4
208,W191,67.0,1,2.0,,15.0,15.0,1.0,7.0,6.0,56.0,2.0,1.0,0.25,1.0,,,,,,1.0,,,1.0,0.0,0.0,5.0,4.0,3.0,8.0,3.0,4.0,0.0,1,1,1,1,1,5,7,7,1,7,1,7.0,1.0,10,10,10,,4,1,1.0,4.0,3.5,30,2.0,4
209,W284,67.0,1,2.0,,6.0,6.0,1.0,5.0,4.0,12.0,2.0,1.0,0.25,,,,,,,1.0,,,1.0,0.0,0.0,3.0,2.0,1.0,4.0,-1.0,4.0,0.0,1,1,1,2,3,1,7,7,1,7,2,7.0,1.5,9,9,9,,2,1,1.0,4.25,3.25,27,2.0,3
210,W288,67.0,1,2.0,,12.0,12.0,1.0,3.0,2.0,1.0,2.0,1.0,0.25,,1.0,,,,,,,,1.0,0.0,0.0,5.0,4.0,3.0,3.0,-2.0,3.0,-1.0,1,2,4,2,1,2,1,2,1,2,1,2.0,1.0,5,5,5,,4,1,2.3333333333333335,1.5,1.5,15,5.0,4
211,W295,67.0,1,1.0,2.0,25.0,25.0,1.0,7.0,6.0,56.0,3.0,2.0,0.75,,,,,,,1.0,,,1.0,0.0,0.0,5.0,4.0,3.0,6.0,1.0,4.0,0.0,1,1,1,4,2,5,5,5,3,3,4,4.0,3.5,6,6,4,,4,0,1.0,3.75,4.0,16,1.0,4
212,S11,68.0,1,2.0,,15.0,15.0,1.0,7.0,6.0,56.0,3.0,2.0,0.75,1.0,1.0,1.0,1.0,1.0,,1.0,,,1.0,0.0,0.0,5.0,4.0,3.0,5.0,0.0,6.0,2.0,1,1,1,5,5,5,3,4,4,4,1,5.6,3.5,10,8,9,,3,0,1.0,3.25,4.5,27,1.0,4
213,W016,68.0,1,2.0,,10.0,10.0,1.0,5.0,4.0,12.0,2.0,1.0,0.25,1.0,,,,,,,,,1.0,0.0,0.0,3.0,2.0,1.0,6.0,1.0,3.0,-1.0,5,5,3,4,3,3,5,5,1,5,1,5.0,1.0,6,4,4,,3,0,4.333333333333333,3.0,3.75,14,1.0,4
214,W083,68.0,3,2.0,,18.0,18.0,1.0,7.0,6.0,56.0,4.0,3.0,1.25,1.0,,,,,,1.0,,,1.0,0.0,0.0,3.0,2.0,1.0,2.0,-3.0,3.0,-1.0,2,1,2,5,2,7,7,3,1,3,1,3.0,1.0,7,6,6,,3,1,1.6666666666666667,2.0,5.25,19,1.0,4
215,W109,68.0,1,2.0,,20.0,20.0,1.0,6.0,5.0,28.0,2.0,1.0,0.25,1.0,,,,,,1.0,,,1.0,0.0,0.0,1.0,0.0,0.0,4.0,-1.0,3.0,-1.0,3,3,3,2,2,4,2,2,2,2,2,2.0,2.0,4,4,4,,4,1,3.0,2.0,2.5,12,1.0,4
216,W119,68.0,1,2.0,,10.0,8.0,1.0,7.0,6.0,56.0,2.0,1.0,0.25,1.0,1.0,,,,,,,,1.0,0.0,0.0,5.0,4.0,3.0,8.0,3.0,5.0,1.0,1,1,1,7,7,5,7,7,1,7,1,7.0,1.0,9,9,9,,4,1,1.0,4.0,6.5,27,1.0,4
217,W174,68.0,1,1.0,1.0,12.0,12.0,1.0,7.0,6.0,56.0,3.0,2.0,0.75,1.0,1.0,,,,,1.0,,,1.0,0.0,0.0,5.0,4.0,3.0,7.0,2.0,6.0,2.0,4,4,4,7,7,7,7,7,7,7,7,7.0,7.0,8,8,8,,2,1,4.0,7.0,7.0,24,1.0,3
218,W180,68.0,1,1.0,1.0,10.0,10.0,1.0,7.0,6.0,56.0,3.0,2.0,0.75,,,,,,,1.0,,,1.0,0.0,0.0,4.0,3.0,2.0,5.0,0.0,5.0,1.0,4,2,2,4,4,5,5,5,1,7,1,6.0,1.0,6,6,6,請設計更安全的手機而非提供更多服務,4,1,2.6666666666666665,3.5,4.5,18,1.0,4
219,W199,68.0,1,2.0,,10.0,10.0,1.0,5.0,4.0,12.0,2.0,1.0,0.25,1.0,,,,,,,,,1.0,0.0,0.0,5.0,4.0,3.0,7.0,2.0,5.0,1.0,2,2,4,4,2,2,4,6,1,6,1,6.0,1.0,5,8,8,,1,1,2.6666666666666665,3.5,3.0,21,1.0,2
220,W212,68.0,3,2.0,,10.0,10.0,2.0,1.0,0.0,0.0,1.0,0.0,0.0,,,,,,,1.0,,,1.0,0.0,0.0,1.0,0.0,0.0,2.0,-3.0,2.0,-2.0,7,7,7,7,7,7,7,7,7,7,7,7.0,7.0,1,1,1,,5,1,7.0,7.0,7.0,3,5.0,5
221,S47,69.0,1,,,10.0,10.0,1.0,7.0,6.0,56.0,3.0,2.0,0.75,1.0,1.0,,,,,1.0,,,1.0,0.0,0.0,4.0,3.0,2.0,6.0,1.0,3.0,-1.0,2,1,2,5,5,4,4,5,5,5,1,7.0,4.2,5,5,5,,3,1,1.6666666666666667,4.0,4.5,15,1.0,4
222,W031,69.0,1,2.0,,12.0,12.0,1.0,6.0,5.0,28.0,2.0,1.0,0.25,1.0,,,,,,,,,2.0,1.0,3.0,5.0,4.0,3.0,7.0,2.0,4.0,0.0,1,1,1,1,1,1,1,1,2,1,1,1.0,1.5,5,6,4,覺得很不方便，聯絡事情,2,1,1.0,1.25,1.0,15,1.0,3
223,W081,69.0,1,1.0,1.0,10.0,10.0,1.0,7.0,6.0,56.0,2.0,1.0,0.25,1.0,,,,,,1.0,,,1.0,0.0,0.0,5.0,4.0,3.0,5.0,0.0,4.0,0.0,1,1,1,7,3,3,7,7,3,7,7,7.0,5.0,4,5,4,,2,1,1.0,6.0,5.0,13,1.0,3
224,W126,69.0,1,2.0,,10.0,10.0,1.0,7.0,6.0,56.0,2.0,1.0,0.25,,,,,,,1.0,,,1.0,0.0,0.0,4.0,3.0,2.0,8.0,3.0,6.0,2.0,1,1,1,7,7,7,7,7,2,7,2,7.0,2.0,10,10,10,,4,1,1.0,4.5,7.0,30,1.0,4
225,W223,69.0,1,2.0,,10.0,10.0,1.0,5.0,4.0,12.0,2.0,1.0,0.25,,1.0,,,,,,,,1.0,0.0,0.0,6.0,5.0,4.0,4.0,-1.0,3.0,-1.0,2,2,2,3,2,2,2,2,1,2,1,2.0,1.0,3,3,3,,2,1,2.0,1.5,2.25,9,1.0,3
226,S29,70.0,1,2.0,,1.0,1.0,1.0,1.0,0.0,0.0,1.0,0.0,0.0,1.0,,,,,,,,,1.0,0.0,0.0,1.0,0.0,0.0,1.0,,1.0,,4,4,4,2,2,2,1,1,1,1,1,1.4,1.4,1,1,1,,3,0,4.0,1.0,1.75,3,1.0,4
227,S45,70.0,1,2.0,,30.0,30.0,1.0,5.0,4.0,12.0,3.0,2.0,0.75,1.0,,,,,,1.0,,,1.0,0.0,0.0,5.0,4.0,3.0,5.0,0.0,5.0,1.0,2,1,1,4,3,1,4,5,2,5,1,7.0,2.1,5,5,5,,2,1,1.3333333333333333,3.25,3.0,15,2.0,3
228,W024,70.0,1,2.0,,15.0,15.0,1.0,7.0,6.0,56.0,2.0,1.0,0.25,1.0,,,,,,,,,1.0,0.0,0.0,2.0,1.0,0.0,7.0,2.0,5.0,1.0,1,1,1,6,1,6,6,7,1,6,1,6.5,1.0,10,10,10,,3,1,1.0,3.75,4.75,30,1.0,4
229,W026,70.0,1,2.0,,10.0,10.0,1.0,7.0,6.0,56.0,7.0,6.0,3.5,1.0,,,,,1.0,1.0,,,1.0,0.0,0.0,2.0,1.0,0.0,4.0,-1.0,4.0,0.0,1,1,1,6,3,5,7,7,1,7,1,7.0,1.0,8,6,5,,4,1,1.0,4.0,5.25,19,1.0,4
230,W042,70.0,1,2.0,,10.0,10.0,1.0,5.0,4.0,12.0,2.0,1.0,0.25,1.0,,,,,,,,,1.0,0.0,0.0,5.0,4.0,3.0,5.0,0.0,4.0,0.0,2,2,2,4,4,4,4,6,2,6,2,6.0,2.0,7,7,7,,1,0,2.0,4.0,4.0,21,1.0,2
231,W049,70.0,1,2.0,,6.0,6.0,2.0,7.0,6.0,56.0,2.0,1.0,0.25,1.0,1.0,,,,,1.0,,,1.0,0.0,0.0,5.0,4.0,3.0,4.0,-1.0,4.0,0.0,1,1,1,2,2,2,2,2,7,3,3,2.5,5.0,5,5,5,,4,1,1.0,3.75,2.0,15,1.0,4
232,W095,70.0,1,2.0,,10.0,10.0,1.0,7.0,6.0,56.0,3.0,2.0,0.75,1.0,1.0,1.0,,,,1.0,,,1.0,0.0,0.0,5.0,4.0,3.0,4.0,-1.0,4.0,0.0,1,4,4,3,7,3,3,3,1,5,1,4.0,1.0,3,3,4,,1,1,3.0,2.5,4.0,10,2.0,2
233,W101,70.0,1,2.0,,0.0,0.0,2.0,1.0,0.0,0.0,1.0,0.0,0.0,,,,,,,1.0,1.0,,1.0,0.0,0.0,1.0,0.0,0.0,5.0,0.0,1.0,,6,4,4,2,2,2,1,2,1,2,1,2.0,1.0,4,2,2,,1,0,4.666666666666667,1.5,1.75,8,1.0,2
234,W110,70.0,1,2.0,,10.0,10.0,1.0,6.0,5.0,28.0,3.0,2.0,0.75,,,1.0,,,,1.0,,,1.0,0.0,0.0,5.0,4.0,3.0,7.0,2.0,4.0,0.0,1,1,1,6,5,5,5,7,2,7,3,7.0,2.5,9,8,8,,2,0,1.0,4.75,5.25,25,1.0,3
235,W128,70.0,1,2.0,,7.0,7.0,1.0,7.0,6.0,56.0,2.0,1.0,0.25,1.0,,,,,,1.0,,,1.0,0.0,0.0,5.0,4.0,3.0,8.0,3.0,3.0,-1.0,1,1,1,4,4,4,1,4,4,7,7,5.5,5.5,8,8,8,,4,1,1.0,5.5,3.25,24,1.0,4
236,W157,70.0,1,2.0,,3.0,3.0,1.0,7.0,6.0,56.0,6.0,5.0,2.5,1.0,1.0,1.0,,,,1.0,1.0,,1.0,0.0,0.0,5.0,4.0,3.0,5.0,0.0,5.0,1.0,1,1,1,5,4,5,4,5,5,5,5,5.0,5.0,5,5,5,,4,1,1.0,5.0,4.5,15,2.0,4
237,W168,70.0,1,2.0,,5.0,1.0,1.0,5.0,4.0,12.0,2.0,1.0,0.25,,,,,,,1.0,1.0,,1.0,0.0,0.0,4.0,3.0,2.0,3.0,-2.0,4.0,0.0,4,4,4,1,1,1,1,7,7,7,7,7.0,7.0,1,4,4,,2,1,4.0,7.0,1.0,9,1.0,3
238,W197,70.0,1,2.0,,5.0,1.0,1.0,3.0,2.0,1.0,2.0,1.0,0.25,1.0,,,,,,1.0,1.0,,1.0,0.0,0.0,5.0,4.0,3.0,3.0,-2.0,3.0,-1.0,2,2,2,4,4,4,4,2,2,2,2,2.0,2.0,2,2,2,,2,1,2.0,2.0,4.0,6,1.0,3
239,W198,70.0,1,2.0,,11.0,11.0,1.0,5.0,4.0,12.0,2.0,1.0,0.25,1.0,,,,,,,,,1.0,0.0,0.0,4.0,3.0,2.0,5.0,0.0,4.0,0.0,2,1,1,5,4,2,1,7,2,5,1,6.0,1.5,8,7,7,,1,0,1.3333333333333333,3.75,3.0,22,1.0,2
240,W221,70.0,3,2.0,,10.0,10.0,1.0,7.0,6.0,56.0,2.0,1.0,0.25,1.0,,,,,,1.0,,,1.0,0.0,0.0,2.0,1.0,0.0,4.0,-1.0,3.0,-1.0,3,3,5,5,4,1,2,7,1,5,1,6.0,1.0,1,3,3,,2,1,3.6666666666666665,3.5,3.0,7,1.0,3
241,W258,70.0,1,2.0,,5.0,5.0,1.0,7.0,6.0,56.0,2.0,1.0,0.25,1.0,,,,,1.0,,,,1.0,0.0,0.0,4.0,3.0,2.0,5.0,0.0,3.0,-1.0,3,3,1,2,2,3,1,7,2,6,2,6.5,2.0,9,8,8,,4,0,2.3333333333333335,4.25,2.0,25,1.0,4
242,W052,71.0,1,2.0,,20.0,20.0,1.0,7.0,6.0,56.0,3.0,2.0,0.75,1.0,1.0,1.0,,,,,1.0,,1.0,0.0,0.0,5.0,4.0,3.0,4.0,-1.0,3.0,-1.0,2,2,1,2,2,2,2,2,4,2,5,2.0,4.5,3,3,3,,4,0,1.6666666666666667,3.25,2.0,9,1.0,4
243,W229,71.0,1,2.0,,15.0,15.0,1.0,7.0,6.0,56.0,3.0,2.0,0.75,,1.0,,,,,1.0,,,1.0,0.0,0.0,2.0,1.0,0.0,8.0,3.0,5.0,1.0,1,1,1,6,6,4,6,7,4,7,6,7.0,5.0,6,6,6,,3,1,1.0,6.0,5.5,18,5.0,4
244,S3,72.0,1,1.0,2.0,7.5,7.5,1.0,5.0,4.0,12.0,3.0,2.0,0.75,,,,,,,1.0,1.0,,1.0,0.0,0.0,4.0,3.0,2.0,5.0,0.0,5.0,1.0,1,1,1,4,2,3,1,1,1,5,1,4.2,1.4,5,3,3,,3,1,1.0,2.0,2.5,11,2.0,4
245,W008,72.0,1,2.0,,10.0,10.0,1.0,7.0,6.0,56.0,2.0,1.0,0.25,1.0,,,,,,1.0,,,1.0,0.0,0.0,5.0,4.0,3.0,5.0,0.0,4.0,0.0,1,1,1,5,4,5,1,7,1,4,1,5.5,1.0,8,6,6,,2,0,1.0,3.25,3.75,20,1.0,3
246,W027,72.0,1,2.0,,16.0,16.0,1.0,7.0,6.0,56.0,2.0,1.0,0.25,1.0,,,,,,,,,1.0,0.0,0.0,3.0,2.0,1.0,5.0,0.0,4.0,0.0,2,1,1,3,4,3,3,3,2,4,2,3.5,2.0,4,3,2,,3,1,1.3333333333333333,2.75,3.25,9,1.0,4
247,W170,72.0,1,2.0,,15.0,15.0,1.0,7.0,6.0,56.0,2.0,1.0,0.25,,,,,,,,,,1.0,0.0,0.0,3.0,2.0,1.0,4.0,-1.0,3.0,-1.0,1,1,1,4,4,1,4,1,1,4,1,2.5,1.0,2,4,4,,5,0,1.0,1.75,3.25,10,3.0,5
248,W179,72.0,1,2.0,,10.0,10.0,1.0,6.0,5.0,28.0,2.0,1.0,0.25,1.0,1.0,,,,,1.0,1.0,,1.0,0.0,0.0,4.0,3.0,2.0,4.0,-1.0,3.0,-1.0,1,4,1,1,1,1,1,1,1,1,2,1.0,1.5,3,3,3,,3,1,2.0,1.25,1.0,9,1.0,4
249,W252,72.0,1,2.0,,4.0,4.0,1.0,4.0,3.0,4.0,2.0,1.0,0.25,1.0,1.0,1.0,,,,1.0,1.0,,1.0,0.0,0.0,3.0,2.0,1.0,3.0,-2.0,2.0,-2.0,5,5,5,2,2,4,2,3,6,6,6,4.5,6.0,3,3,5,,4,0,5.0,5.25,2.5,11,1.0,4
250,W263,72.0,1,2.0,,8.0,8.0,1.0,4.0,3.0,4.0,2.0,1.0,0.25,1.0,1.0,,,,,1.0,,,2.0,1.0,3.0,3.0,2.0,1.0,4.0,-1.0,3.0,-1.0,4,4,3,5,5,3,3,3,2,3,2,3.0,2.0,3,3,4,,4,0,3.6666666666666665,2.5,4.0,10,1.0,4
251,W070,73.0,1,2.0,,10.0,10.0,1.0,5.0,4.0,12.0,2.0,1.0,0.25,,,,,,,1.0,,,1.0,0.0,0.0,3.0,2.0,1.0,5.0,0.0,3.0,-1.0,2,1,2,2,4,2,1,2,1,6,2,4.0,1.5,2,5,5,,2,1,1.6666666666666667,2.75,2.25,12,1.0,3
252,W145,73.0,1,2.0,,5.0,5.0,1.0,7.0,6.0,56.0,2.0,1.0,0.25,1.0,,,,,,1.0,1.0,,1.0,0.0,0.0,5.0,4.0,3.0,3.0,-2.0,3.0,-1.0,3,3,3,4,4,3,4,4,2,3,1,3.5,1.5,2,2,2,,1,1,3.0,2.5,3.75,6,1.0,2
253,W261,73.0,1,2.0,,5.0,5.0,1.0,5.0,4.0,12.0,2.0,1.0,0.25,,1.0,1.0,,,,,,,2.0,1.0,3.0,2.0,1.0,0.0,6.0,1.0,4.0,0.0,5,3,3,5,5,3,2,4,2,3,3,3.5,2.5,3,3,3,,4,0,3.6666666666666665,3.0,3.75,9,1.0,4
254,S2,74.0,1,2.0,,1.0,1.0,1.0,1.0,0.0,0.0,1.0,0.0,0.0,,,,,,,,,,,,,2.0,1.0,0.0,5.0,0.0,1.0,,5,5,5,1,1,1,1,1,1,1,1,1.4,1.4,1,1,1,,1,1,5.0,1.0,1.0,3,1.0,2
255,W120,74.0,1,2.0,,4.0,5.0,1.0,5.0,4.0,12.0,2.0,1.0,0.25,,1.0,,,,,1.0,1.0,,1.0,0.0,0.0,3.0,2.0,1.0,3.0,-2.0,3.0,-1.0,1,1,1,4,4,4,2,4,1,1,1,2.5,1.0,3,3,3,只會接話打電話,2,1,1.0,1.75,3.5,9,1.0,3
256,W215,74.0,1,1.0,2.0,10.0,10.0,1.0,7.0,6.0,56.0,3.0,2.0,0.75,,,,,,,1.0,,,1.0,0.0,0.0,4.0,3.0,2.0,8.0,3.0,4.0,0.0,1,1,1,3,1,6,3,7,3,7,6,7.0,4.5,6,6,6,,4,0,1.0,5.75,3.25,18,2.0,4
257,W251,74.0,1,2.0,,10.0,10.0,1.0,7.0,6.0,56.0,5.0,4.0,1.75,1.0,,1.0,,,,,,,1.0,0.0,0.0,5.0,4.0,3.0,5.0,0.0,4.0,0.0,3,5,2,6,6,4,3,5,4,6,6,5.5,5.0,6,5,4,,4,0,3.3333333333333335,5.25,4.75,15,2.0,4
258,W262,74.0,1,2.0,,10.0,10.0,1.0,5.0,4.0,12.0,2.0,1.0,0.25,,,,,,,1.0,,,1.0,0.0,0.0,5.0,4.0,3.0,8.0,3.0,6.0,2.0,1,1,5,4,4,3,4,7,1,5,1,6.0,1.0,5,5,5,,2,0,2.3333333333333335,3.5,3.75,15,1.0,3
259,S42,75.0,1,2.0,,6.0,6.0,1.0,7.0,6.0,56.0,3.0,2.0,0.75,1.0,,,,,,1.0,,,1.0,0.0,0.0,4.0,3.0,2.0,5.0,0.0,5.0,1.0,3,1,2,5,5,3,4,5,5,5,3,7.0,5.6,5,5,5,,3,0,2.0,4.5,4.25,15,5.0,4
260,S50,75.0,1,2.0,,10.0,10.0,1.0,7.0,6.0,56.0,5.0,4.0,1.75,1.0,,1.0,,,,1.0,,,1.0,0.0,0.0,6.0,5.0,4.0,5.0,0.0,6.0,2.0,1,1,1,1,5,5,5,5,1,5,1,7.0,1.4,10,10,10,,3,1,1.0,3.0,4.0,30,1.0,4
261,W294,75.0,1,1.0,1.0,1.0,1.0,2.0,7.0,6.0,56.0,2.0,1.0,0.25,,1.0,,,,,,,,3.0,2.0,8.0,5.0,4.0,3.0,4.0,-1.0,3.0,-1.0,2,1,2,4,3,1,2,2,1,2,1,2.0,1.0,2,3,3,,4,1,1.6666666666666667,1.5,2.5,8,1.0,4
262,W029,76.0,1,2.0,,12.0,12.0,1.0,4.0,3.0,4.0,2.0,1.0,0.25,1.0,,,,,,,,,1.0,0.0,0.0,3.0,2.0,1.0,8.0,3.0,1.0,,2,1,1,2,3,2,3,2,1,1,2,1.5,1.5,2,2,2,,2,1,1.3333333333333333,1.5,2.5,6,1.0,3
263,W047,76.0,1,2.0,,30.0,30.0,1.0,5.0,4.0,12.0,2.0,1.0,0.25,,,,,,,1.0,,,6.0,5.0,23.0,4.0,3.0,2.0,6.0,1.0,5.0,1.0,1,1,1,7,4,7,4,7,1,7,1,7.0,1.0,5,3,8,,1,1,1.0,4.0,5.5,16,3.0,2
264,W209,76.0,1,2.0,,10.0,10.0,1.0,7.0,6.0,56.0,2.0,1.0,0.25,1.0,,,,,,1.0,1.0,,2.0,1.0,3.0,3.0,2.0,1.0,7.0,2.0,4.0,0.0,5,5,5,5,5,5,6,5,5,7,1,6.0,3.0,9,8,10,,1,1,5.0,4.5,5.25,27,5.0,2
265,W265,76.0,1,2.0,,3.0,3.0,1.0,7.0,6.0,56.0,3.0,2.0,0.75,1.0,1.0,1.0,1.0,,,1.0,1.0,1.0,3.0,2.0,8.0,6.0,5.0,4.0,7.0,2.0,5.0,1.0,1,1,1,6,6,5,7,7,7,7,7,7.0,7.0,9,9,9,,3,1,1.0,7.0,6.0,27,2.0,4
266,W275,78.0,1,2.0,,8.0,8.0,1.0,6.0,5.0,28.0,3.0,2.0,0.75,,,,,,,,1.0,,1.0,0.0,0.0,1.0,0.0,0.0,3.0,-2.0,2.0,-2.0,2,2,2,1,1,1,1,1,1,1,1,1.0,1.0,9,9,9,,3,1,2.0,1.0,1.0,27,1.0,4
267,S1,79.0,1,2.0,,5.0,5.0,,3.0,2.0,1.0,,,,,,,,,,,,,1.0,0.0,0.0,2.0,1.0,0.0,5.0,0.0,4.0,0.0,3,3,3,1,1,1,1,4,1,1,1,3.5,1.4,3,3,3,,1,0,3.0,1.75,1.0,9,1.0,2
268,W028,80.0,1,2.0,,8.0,8.0,1.0,5.0,4.0,12.0,3.0,2.0,0.75,,1.0,,,,,,,,1.0,0.0,0.0,3.0,2.0,1.0,4.0,-1.0,2.0,-2.0,1,1,1,2,1,1,1,2,1,3,1,2.5,1.0,2,2,2,沒有學習時間大家較忙碌,2,1,1.0,1.75,1.25,6,2.0,3
269,W276,85.0,1,2.0,,2.0,2.0,1.0,6.0,5.0,28.0,2.0,1.0,0.25,,,,,,,1.0,,,4.0,3.0,13.0,3.0,2.0,1.0,6.0,1.0,4.0,0.0,3,3,5,5,5,5,3,3,3,6,5,4.5,4.0,5,5,5,,5,0,3.6666666666666665,4.25,4.5,15,1.0,5
270,S33,90.0,1,2.0,2.0,1.0,1.0,1.0,1.0,0.0,0.0,1.0,0.0,0.0,,,,,1.0,,,,,1.0,0.0,0.0,1.0,0.0,0.0,1.0,,1.0,,1,1,1,1,3,1,2,2,1,3,1,3.5,1.4,0,1,0,,2,1,1.0,1.75,1.75,1,1.0,3
271,W281,90.0,1,2.0,,5.0,5.0,1.0,6.0,5.0,28.0,2.0,1.0,0.25,,1.0,,,,1.0,1.0,,,1.0,0.0,0.0,5.0,4.0,3.0,8.0,3.0,6.0,2.0,1,1,1,7,7,5,5,7,5,7,5,7.0,5.0,10,9,9,,2,0,1.0,6.0,6.0,28,1.0,3
